answer_id,question_id,answer_text,is_correct
1,1,"ÐžÐ¿ÐµÑ€Ð°Ñ†Ð¸Ñ UNION Ð²Ð¾Ð·Ð²Ñ€Ð°Ñ‰Ð°ÐµÑ‚ Ñ‚Ð¾Ð»ÑŒÐºÐ¾ ÑƒÐ½Ð¸ÐºÐ°Ð»ÑŒÐ½Ñ‹Ðµ Ð·Ð°Ð¿Ð¸ÑÐ¸ Ð¸Ð· Ñ€ÐµÐ·ÑƒÐ»ÑŒÑ‚Ð¸Ñ€ÑƒÑŽÑ‰ÐµÐ³Ð¾ Ð½Ð°Ð±Ð¾Ñ€Ð° Ð´Ð°Ð½Ð½Ñ‹Ñ…, Ð° UNION ALL Ð²ÐµÑ€Ð½ÐµÑ‚ Ð²ÑÐµ ÑÑ‚Ñ€Ð¾ÐºÐ¸, Ð´Ð°Ð¶Ðµ ÐµÑÐ»Ð¸ Ð¾Ð´Ð½Ð° Ð¸Ð»Ð¸ Ð½ÐµÑÐºÐ¾Ð»ÑŒÐºÐ¾ ÑÑ‚Ñ€Ð¾Ðº Ð´ÑƒÐ±Ð»Ð¸Ñ€ÑƒÑŽÑ‚ÑÑ Ð´Ñ€ÑƒÐ³ Ñ Ð´Ñ€ÑƒÐ³Ð¾Ð¼",True
2,1,"ÐžÐ¿ÐµÑ€Ð°Ñ†Ð¸Ñ UNION Ð²Ð¾Ð·Ð²Ñ€Ð°Ñ‰Ð°ÐµÑ‚ Ð²ÑÐµ ÑÑ‚Ñ€Ð¾ÐºÐ¸, Ð´Ð°Ð¶Ðµ ÐµÑÐ»Ð¸ Ð¾Ð´Ð½Ð° Ð¸Ð»Ð¸ Ð½ÐµÑÐºÐ¾Ð»ÑŒÐºÐ¾ ÑÑ‚Ñ€Ð¾Ðº Ð´ÑƒÐ±Ð»Ð¸Ñ€ÑƒÑŽÑ‚ÑÑ Ð´Ñ€ÑƒÐ³ Ñ Ð´Ñ€ÑƒÐ³Ð¾Ð¼, Ð° UNION ALL Ð²Ð¾Ð·Ð²Ñ€Ð°Ñ‰Ð°ÐµÑ‚ Ñ‚Ð¾Ð»ÑŒÐºÐ¾ ÑƒÐ½Ð¸ÐºÐ°Ð»ÑŒÐ½Ñ‹Ðµ Ð·Ð°Ð¿Ð¸ÑÐ¸.",False
3,1,ÐžÐ¿ÐµÑ€Ð°Ñ†Ð¸Ñ UNION Ð¸ UNION ALL ÑÐºÐ²Ð¸Ð²Ð°Ð»ÐµÐ½Ñ‚Ð½Ñ‹ Ð¸ Ð²Ð¾Ð·Ð²Ñ€Ð°Ñ‰Ð°ÑŽÑ‚ Ð¾Ð´Ð¸Ð½Ð°ÐºÐ¾Ð²Ñ‹Ðµ Ñ€ÐµÐ·ÑƒÐ»ÑŒÑ‚Ð°Ñ‚Ñ‹.,False
4,1,"ÐžÐ¿ÐµÑ€Ð°Ñ†Ð¸Ñ UNION Ð±Ñ‹ÑÑ‚Ñ€ÐµÐµ, Ñ‡ÐµÐ¼ UNION ALL, Ñ‚Ð°Ðº ÐºÐ°Ðº Ð½Ðµ Ð¿Ñ€Ð¾Ð²ÐµÑ€ÑÐµÑ‚ Ð½Ð° Ð´ÑƒÐ±Ð»Ð¸ÐºÐ°Ñ‚Ñ‹.",False
5,2,"AND Ð¸Ð¼ÐµÐµÑ‚ Ð±Ð¾Ð»ÑŒÑˆÐ¸Ð¹ Ð¿Ñ€Ð¸Ð¾Ñ€Ð¸Ñ‚ÐµÑ‚, Ð½ÐµÐ¶ÐµÐ»Ð¸ OR.",True
6,2,"OR Ð¸Ð¼ÐµÐµÑ‚ Ð±Ð¾Ð»ÑŒÑˆÐ¸Ð¹ Ð¿Ñ€Ð¸Ð¾Ñ€Ð¸Ñ‚ÐµÑ‚, Ð½ÐµÐ¶ÐµÐ»Ð¸ AND.",False
7,2,AND Ð¸ OR Ð¸Ð¼ÐµÑŽÑ‚ Ð¾Ð´Ð¸Ð½Ð°ÐºÐ¾Ð²Ñ‹Ð¹ Ð¿Ñ€Ð¸Ð¾Ñ€Ð¸Ñ‚ÐµÑ‚.,False
8,2,ÐŸÑ€Ð¸Ð¾Ñ€Ð¸Ñ‚ÐµÑ‚ Ð¾Ð¿ÐµÑ€Ð°Ñ‚Ð¾Ñ€Ð¾Ð² Ð·Ð°Ð²Ð¸ÑÐ¸Ñ‚ Ð¾Ñ‚ ÐºÐ¾Ð½Ñ‚ÐµÐºÑÑ‚Ð° Ð·Ð°Ð¿Ñ€Ð¾ÑÐ°.,False
9,4,"5, Ð¿Ð¾Ñ‚Ð¾Ð¼Ñƒ Ñ‡Ñ‚Ð¾ Ð¿Ð¾Ð´ÑÑ‡Ð¸Ñ‚Ð°ÑŽÑ‚ÑÑ Ð²ÑÐµ ÑÑ‚Ñ€Ð¾ÐºÐ¸ Ñ‚Ð°Ð±Ð»Ð¸Ñ†Ñ‹ Ð½ÐµÐ·Ð°Ð²Ð¸ÑÐ¸Ð¼Ð¾ Ð¾Ñ‚ Ð¸Ñ… ÑÐ¾Ð´ÐµÑ€Ð¶Ð°Ð½Ð¸Ñ.",True
10,4,"6, Ð¿Ð¾Ñ‚Ð¾Ð¼Ñƒ Ñ‡Ñ‚Ð¾ Ð¿Ð¾Ð´ÑÑ‡Ð¸Ñ‚Ñ‹Ð²Ð°ÑŽÑ‚ÑÑ Ð½ÐµÐ½ÑƒÐ»ÐµÐ²Ñ‹Ðµ ÑÐ»ÐµÐ¼ÐµÐ½Ñ‚Ñ‹ Ñ‚Ð°Ð±Ð»Ð¸Ñ†Ñ‹",False
11,4,"4, Ð¿Ð¾Ñ‚Ð¾Ð¼Ñƒ Ñ‡Ñ‚Ð¾ Ð¿Ð¾Ð´ÑÑ‡Ð¸Ñ‚Ñ‹Ð²Ð°ÑŽÑ‚ÑÑ Ð½ÑƒÐ»ÐµÐ²Ñ‹Ðµ ÑÐ»ÐµÐ¼ÐµÐ½Ñ‚Ñ‹ Ñ‚Ð°Ð±Ð»Ð¸Ñ†Ñ‹.",False
12,4,"2, Ð¿Ð¾Ñ‚Ð¾Ð¼Ñƒ Ñ‡Ñ‚Ð¾ Ð·Ð°Ð¿Ñ€Ð¾Ñ Ð½Ðµ ÑƒÑ‡Ð¸Ñ‚Ñ‹Ð²Ð°ÐµÑ‚ ÑÑ‚Ñ€Ð¾ÐºÐ¸ Ñ null Ð·Ð½Ð°Ñ‡ÐµÐ½Ð¸ÑÐ¼Ð¸.",False
13,6,"5, COUNT(1) Ñ€Ð°Ð±Ð¾Ñ‚Ð°ÐµÑ‚ Ñ‚Ð°Ðº Ð¶Ðµ, ÐºÐ°Ðº COUNT(*) â€” Ð¾Ð½ ÑÑ‡Ð¸Ñ‚Ð°ÐµÑ‚ Ð²ÑÐµ ÑÑ‚Ñ€Ð¾ÐºÐ¸ Ð² Ñ‚Ð°Ð±Ð»Ð¸Ñ†Ðµ, Ð´Ð°Ð¶Ðµ ÐµÑÐ»Ð¸ Ð² Ð½Ð¸Ñ… ÐµÑÑ‚ÑŒ NULL",True
14,6,"1, Ð¿Ð¾Ñ‚Ð¾Ð¼Ñƒ Ñ‡Ñ‚Ð¾ Ð¿Ð¾Ð´ÑÑ‡Ð¸Ñ‚Ñ‹Ð²Ð°ÑŽÑ‚ÑÑ ÑÐ»ÐµÐ¼ÐµÐ½Ñ‚Ñ‹ Ñ‚Ð°Ð±Ð»Ð¸Ñ†Ñ‹ Ñ€Ð°Ð²Ð½Ñ‹Ðµ 1",False
15,6,"3, Ð¿Ð¾Ñ‚Ð¾Ð¼Ñƒ Ñ‡Ñ‚Ð¾ Ð¿Ð¾Ð´ÑÑ‡Ð¸Ñ‚Ñ‹Ð²Ð°ÑŽÑ‚ÑÑ Ð½ÐµÐ½ÑƒÐ»ÐµÐ²Ñ‹Ðµ ÑÐ»ÐµÐ¼ÐµÐ½Ñ‚Ñ‹ Ñ‚Ð°Ð±Ð»Ð¸Ñ†Ñ‹ ÐºÐ¾Ñ‚Ð¾Ñ€Ñ‹Ðµ Ð²ÑÑ‚Ñ€ÐµÑ‡Ð°ÑŽÑ‚ÑÑ Ð² Ñ‚Ð°Ð±Ð»Ð¸Ñ†Ðµ Ð¾Ð´Ð¸Ð½ Ñ€Ð°Ð· {1,3,5)",False
16,6,"2, Ð¿Ð¾Ñ‚Ð¾Ð¼Ñƒ Ñ‡Ñ‚Ð¾ Ð·Ð°Ð¿Ñ€Ð¾Ñ Ð¿Ð¾Ð´ÑÑ‡Ð¸Ñ‚Ñ‹Ð²Ð°ÐµÑ‚ ÑÑ‚Ñ€Ð¾ÐºÐ¸ Ð±ÐµÐ· null Ð·Ð½Ð°Ñ‡ÐµÐ½Ð¸Ð¹",False
17,7,"3, COUNT(id1) ÑÑ‡Ð¸Ñ‚Ð°ÐµÑ‚ Ñ‚Ð¾Ð»ÑŒÐºÐ¾ ÑÑ‚Ñ€Ð¾ÐºÐ¸, Ð³Ð´Ðµ Ð·Ð½Ð°Ñ‡ÐµÐ½Ð¸Ñ Ð² ÑÑ‚Ð¾Ð»Ð±Ñ†Ðµ id1 Ð½Ðµ NULL",True
18,7,"5, Ð¿Ð¾Ñ‚Ð¾Ð¼Ñƒ Ñ‡Ñ‚Ð¾ COUNT(id1) ÑÑ‡Ð¸Ñ‚Ð°ÐµÑ‚ Ð²ÑÐµ ÑÑ‚Ñ€Ð¾ÐºÐ¸ Ñ‚Ð°Ð±Ð»Ð¸Ñ†Ñ‹ Ð² ÑÑ‚Ð¾Ð»Ð±Ñ†Ðµ id1 Ð² Ñ‚Ð¾Ð¼ Ñ‡Ð¸ÑÐ»Ðµ NULL",False
19,7,"ÐžÑˆÐ¸Ð±ÐºÑƒ, Ð¿Ð¾Ñ‚Ð¾Ð¼Ñƒ Ñ‡Ñ‚Ð¾ ÑÐ¾Ð³Ð»Ð°ÑÐ½Ð¾ ÑÐ¸Ð½Ñ‚Ð°ÐºÑÐ¸ÑÑƒ Ð´Ð¾Ð»Ð¶Ð½Ð¾ Ð±Ñ‹Ñ‚ÑŒ COUNT(`id1`) ",False
20,7,"2, Ð¿Ð¾Ñ‚Ð¾Ð¼Ñƒ Ñ‡Ñ‚Ð¾ COUNT(id1) ÑƒÑ‡Ð¸Ñ‚Ñ‹Ð²Ð°ÐµÑ‚ Ñ‚Ð¾Ð»ÑŒÐºÐ¾ ÑÑ‚Ñ€Ð¾ÐºÐ¸ Ñ Ð·Ð½Ð°Ñ‡ÐµÐ½Ð¸ÑÐ¼Ð¸ Ð½Ðµ NULL Ð² Ð¾Ð±Ð¾Ð¸Ñ… ÑÑ‚Ð¾Ð»Ð±Ñ†Ð°Ñ…",False
25,9,"5, Ð¿Ð¾Ñ‚Ð¾Ð¼Ñƒ Ñ‡Ñ‚Ð¾ COUNT(expression) ÑÑ‡Ð¸Ñ‚Ð°ÐµÑ‚ ÐºÐ¾Ð»Ð¸Ñ‡ÐµÑÑ‚Ð²Ð¾ ÐÐ• NULL Ð·Ð½Ð°Ñ‡ÐµÐ½Ð¸Ð¹, Ð° 'id1' - ÑÑ‚Ñ€Ð¾ÐºÐ¾Ð²Ð°Ñ ÐºÐ¾Ð½ÑÑ‚Ð°Ð½Ñ‚Ð° Ð¸ Ð¾Ð½Ð° Ð²ÑÐµÐ³Ð´Ð° ÐÐ• NULL. PostgreSQL Ð½Ðµ Ð¸Ð½Ñ‚ÐµÑ€Ð¿Ñ€ÐµÑ‚Ð¸Ñ€ÑƒÐµÑ‚ ÑÑ‚Ñ€Ð¾ÐºÐ¾Ð²Ñ‹Ð¹ Ð»Ð¸Ñ‚ÐµÑ€Ð°Ð» ÐºÐ°Ðº Ð¸Ð¼Ñ ÑÑ‚Ð¾Ð»Ð±Ñ†Ð°",True
26,9,"3, Ð¿Ð¾Ñ‚Ð¾Ð¼Ñƒ Ñ‡Ñ‚Ð¾ COUNT(column)	Ð²Ð¾Ð·Ð²Ñ€Ð°Ñ‰Ð°ÐµÑ‚ ÐºÐ¾Ð»Ð¸Ñ‡ÐµÑÑ‚Ð²Ð¾ ÑÑ‚Ñ€Ð¾Ðº, Ð³Ð´Ðµ column IS NOT NULL",False
27,9,"ÐžÑˆÐ¸Ð±ÐºÑƒ, Ð¿Ð¾Ñ‚Ð¾Ð¼Ñƒ Ñ‡Ñ‚Ð¾ 'id1' Ð½Ðµ ÑÐ²Ð»ÑÐµÑ‚ÑÑ Ð½Ð°Ð·Ð²Ð°Ð½Ð¸ÐµÐ¼ ÑÑ‚Ð¾Ð»Ð±Ñ†Ð°. ÐÐµÐ¾Ð±Ñ…Ð¾Ð´Ð¸Ð¼Ð¾ Ð¿Ð¸ÑÐ°Ñ‚ÑŒ Ð¿Ñ€Ð¾ÑÑ‚Ð¾ id1",False
28,9,"ÐžÑˆÐ¸Ð±ÐºÑƒ, Ð¿Ð¾Ñ‚Ð¾Ð¼Ñƒ Ñ‡Ñ‚Ð¾ 'id1' Ð½Ðµ ÑÐ²Ð»ÑÐµÑ‚ÑÑ Ð½Ð°Ð·Ð²Ð°Ð½Ð¸ÐµÐ¼ ÑÑ‚Ð¾Ð»Ð±Ñ†Ð°. ÐÐµÐ¾Ð±Ñ…Ð¾Ð´Ð¸Ð¼Ð¾ Ð¿Ð¸ÑÐ°Ñ‚ÑŒ Ð¿Ñ€Ð¾ÑÑ‚Ð¾ ""id1""",False
29,10,"3, Ð¿Ð¾Ñ‚Ð¾Ð¼Ñƒ Ñ‡Ñ‚Ð¾ COUNT(expression) ÑÑ‡Ð¸Ñ‚Ð°ÐµÑ‚ ÐºÐ¾Ð»Ð¸Ñ‡ÐµÑÑ‚Ð²Ð¾ ÐÐ• NULL Ð·Ð½Ð°Ñ‡ÐµÐ½Ð¸Ð¹ Ð²Ð½ÑƒÑ‚Ñ€Ð¸ ÑÑ‚Ð¾Ð»Ð±Ñ†Ð°, ÐµÑÐ»Ð¸ Ð·Ð°Ð´Ð°Ð½ ÑÑ‚Ð¾Ð»Ð±ÐµÑ†. PostgreSQL Ñ€Ð°Ð·Ñ€ÐµÑˆÐ°ÐµÑ‚ Ð¸Ð¼ÐµÐ½Ð° ÑÑ‚Ð¾Ð»Ð±Ñ†Ð¾Ð² Ð² Ð´Ð²Ð¾Ð¹Ð½Ñ‹Ñ… ÐºÐ°Ð²Ñ‹Ñ‡ÐºÐ°Ñ… ""id2""",True
30,10,"5, Ð¿Ð¾Ñ‚Ð¾Ð¼Ñƒ Ñ‡Ñ‚Ð¾ 5, Ð¿Ð¾Ñ‚Ð¾Ð¼Ñƒ Ñ‡Ñ‚Ð¾ COUNT(expression) ÑÑ‡Ð¸Ñ‚Ð°ÐµÑ‚ ÐºÐ¾Ð»Ð¸Ñ‡ÐµÑÑ‚Ð²Ð¾ ÐÐ• NULL Ð·Ð½Ð°Ñ‡ÐµÐ½Ð¸Ð¹, Ð° ""id2"" - ÑÑ‚Ñ€Ð¾ÐºÐ¾Ð²Ð°Ñ ÐºÐ¾Ð½ÑÑ‚Ð°Ð½Ñ‚Ð° Ð¸ Ð¾Ð½Ð° Ð²ÑÐµÐ³Ð´Ð° ÐÐ• NULL. PostgreSQL Ð½Ðµ Ñ€Ð°Ð·Ñ€ÐµÑˆÐ°ÐµÑ‚ ÑÐ¾Ð·Ð´Ð°Ð²Ð°Ñ‚ÑŒ Ð¸Ð¼Ñ ÑÑ‚Ð¾Ð»Ð±Ñ†Ð° Ð² Ð´Ð²Ð¾Ð¹Ð½Ñ‹Ñ… ÐºÐ°Ð²Ñ‹Ñ‡ÐºÐ°Ñ…",False
31,10,"ÐžÑˆÐ¸Ð±ÐºÑƒ, Ð¿Ð¾Ñ‚Ð¾Ð¼Ñƒ Ñ‡Ñ‚Ð¾ ""id2"" Ð½Ðµ ÑÐ²Ð»ÑÐµÑ‚ÑÑ Ð½Ð°Ð·Ð²Ð°Ð½Ð¸ÐµÐ¼ ÑÑ‚Ð¾Ð»Ð±Ñ†Ð°. ÐÐµÐ¾Ð±Ñ…Ð¾Ð´Ð¸Ð¼Ð¾ Ð¿Ð¸ÑÐ°Ñ‚ÑŒ Ð¿Ñ€Ð¾ÑÑ‚Ð¾ id2",False
32,10,"2, Ð¿Ð¾Ñ‚Ð¾Ð¼Ñƒ Ñ‡Ñ‚Ð¾ COUNT(""id2"") ÑƒÑ‡Ð¸Ñ‚Ñ‹Ð²Ð°ÐµÑ‚ Ñ‚Ð¾Ð»ÑŒÐºÐ¾ ÑÑ‚Ñ€Ð¾ÐºÐ¸ Ñ NULL Ð·Ð½Ð°Ñ‡ÐµÐ½Ð¸ÑÐ¼Ð¸",False
33,11,"0, Ð¿Ð¾Ñ‚Ð¾Ð¼Ñƒ Ñ‡Ñ‚Ð¾ NULL Ð² PostgreSQL Ð½Ðµ ÑÑ‡Ð¸Ñ‚Ð°ÐµÑ‚ÑÑ Ð·Ð½Ð°Ñ‡ÐµÐ½Ð¸ÐµÐ¼ â€” ÑÑ‚Ð¾ ""Ð¾Ñ‚ÑÑƒÑ‚ÑÑ‚Ð²Ð¸Ðµ Ð´Ð°Ð½Ð½Ñ‹Ñ…"". COUNT(expression) Ð¸Ð³Ð½Ð¾Ñ€Ð¸Ñ€ÑƒÐµÑ‚ NULL Ð¸ Ñ€ÐµÐ·ÑƒÐ»ÑŒÑ‚Ð°Ñ‚ Ð±ÑƒÐ´ÐµÑ‚ 0",True
34,11,"4, Ð¿Ð¾Ñ‚Ð¾Ð¼Ñƒ Ñ‡Ñ‚Ð¾ COUNT(NULL) Ñ‚Ð¾Ð³Ð´Ð° ÑÑ‡Ð¸Ñ‚Ð°ÐµÑ‚ ÐºÐ¾Ð»Ð¸Ñ‡ÐµÑÑ‚Ð²Ð¾ NULL Ð·Ð½Ð°Ñ‡ÐµÐ½Ð¸Ð¹ Ð² Ñ‚Ð°Ð±Ð»Ð¸Ñ†Ðµ",False
35,11,"3, Ð¿Ð¾Ñ‚Ð¾Ð¼Ñƒ Ñ‡Ñ‚Ð¾ COUNT(NULL) Ð²Ð¾Ð·Ð²Ñ€Ð°Ñ‰Ð°ÐµÑ‚ ÐºÐ¾Ð»Ð¸Ñ‡ÐµÑÑ‚Ð²Ð¾ ÑÑ‚Ñ€Ð¾Ðº, Ð³Ð´Ðµ column IS NOT NULL",False
36,11,"ÐžÑˆÐ¸Ð±ÐºÑƒ, Ð¿Ð¾Ñ‚Ð¾Ð¼Ñƒ Ñ‡Ñ‚Ð¾ NULL Ð² PostgreSQL Ð½Ðµ ÑÑ‡Ð¸Ñ‚Ð°ÐµÑ‚ÑÑ Ð²Ñ‹Ñ€Ð°Ð¶ÐµÐ½Ð¸ÐµÐ¼ (expression), Ð° COUNT(expression) Ñ‚Ñ€ÐµÐ±ÑƒÐµÑ‚ Ð²Ñ‹Ñ€Ð°Ð¶ÐµÐ½Ð¸Ðµ Ð½Ð° Ð²Ñ…Ð¾Ð´",False
37,12,"2, Ð¿Ð¾Ñ‚Ð¾Ð¼Ñƒ Ñ‡Ñ‚Ð¾ COUNT(DISTINCT id1) ÑÑ‡Ð¸Ñ‚Ð°ÐµÑ‚ ÐºÐ¾Ð»Ð¸Ñ‡ÐµÑÑ‚Ð²Ð¾ Ð£ÐÐ˜ÐšÐÐ›Ð¬ÐÐ«Ð¥ ÐÐ• NULL Ð·Ð½Ð°Ñ‡ÐµÐ½Ð¸Ð¹ Ð² id1. Ð’ Ñ‚Ð°Ð±Ð»Ð¸Ñ†Ðµ ÑÑ‚Ð¾ {2, 5}, Ð²Ñ‚Ð¾Ñ€ÑƒÑŽ Ð´Ð²ÑƒÐ¹ÐºÑƒ {2} Ð² Ð¿Ð¾ÑÐ»ÐµÐ´Ð½ÐµÐ¹ ÑÑ‚Ñ€Ð¾ÐºÐµ Ð½Ðµ ÑƒÑ‡Ð¸Ñ‚Ñ‹Ð²Ð°ÐµÐ¼, Ð¿Ð¾Ñ‚Ð¾Ð¼Ñƒ Ñ‡Ñ‚Ð¾ Ð¾Ð½Ð° ÑƒÐ¶Ðµ Ð±Ñ‹Ð»Ð° Ð²Ñ‹ÑˆÐµ Ð²Ð¾ Ð²Ñ‚Ð¾Ñ€Ð¾Ð¹ ÑÑ‚Ñ€Ð¾ÐºÐµ",True
38,12,"0, Ð¿Ð¾Ñ‚Ð¾Ð¼Ñƒ Ñ‡Ñ‚Ð¾ COUNT(DISTINCT id1) ÑÐ½Ð°Ñ‡Ð°Ð»Ð° Ð²Ñ‹Ð¿Ð¾Ð»Ð½ÑÐµÑ‚ DISTINCT, Ð° Ð¸Ð·-Ð·Ð¸ Ð½Ð°Ð»Ð¸Ñ‡Ð¸Ñ NULL Ð² ÑÑ‚Ð¾Ð»Ð±Ñ†Ðµ Ð¾Ð¿ÐµÑ€Ð°Ñ†Ð¸Ñ Ð²Ð¾Ð·Ð²Ñ€Ð°Ñ‰Ð°ÐµÑ‚ NULL. Ð COUNT(NULL) = 0",False
39,12,"5, Ð¿Ð¾Ñ‚Ð¾Ð¼Ñƒ Ñ‡Ñ‚Ð¾ COUNT(DISTINCT id1) ÑÑ‡Ð¸Ñ‚Ð°ÐµÑ‚ ÐºÐ¾Ð»Ð¸Ñ‡ÐµÑÑ‚Ð²Ð¾ Ð²ÑÐµÑ… Ð·Ð½Ð°Ñ‡ÐµÐ½Ð¸Ð¹ Ð² id1, Ð²ÐºÐ»ÑŽÑ‡Ð°Ñ NULL, Ð°Ð½Ð°Ð»Ð¾Ð³Ð¸Ñ‡Ð½Ð¾ COUNT(id1)",False
40,12,"3, Ð¿Ð¾Ñ‚Ð¾Ð¼Ñƒ Ñ‡Ñ‚Ð¾ COUNT(DISTINCT id1) ÑÑ‡Ð¸Ñ‚Ð°ÐµÑ‚ Ð²ÑÐµ ÑÑ‚Ñ€Ð¾ÐºÐ¸ Ñ‚Ð°Ð±Ð»Ð¸Ñ†Ñ‹ ÑÐ¾ Ð·Ð½Ð°Ñ‡ÐµÐ½Ð¸ÑÐ¼Ð¸ ÐÐ• NULL",False
41,13,"ÐžÑˆÐ¸Ð±ÐºÑƒ, PostgreSQL Ð½Ðµ Ð¿Ð¾Ð´Ð´ÐµÑ€Ð¶Ð¸Ð²Ð°ÐµÑ‚ Ð¸ÑÐ¿Ð¾Ð»ÑŒÐ·Ð¾Ð²Ð°Ð½Ð¸Ðµ COUNT(DISTINCT id1, id2) Ð´Ð»Ñ Ð¿Ð¾Ð´ÑÑ‡ÐµÑ‚Ð° ÑƒÐ½Ð¸ÐºÐ°Ð»ÑŒÐ½Ñ‹Ñ… ÐºÐ¾Ð¼Ð±Ð¸Ð½Ð°Ñ†Ð¸Ð¹ Ð·Ð½Ð°Ñ‡ÐµÐ½Ð¸Ð¹ Ð² Ð½ÐµÑÐºÐ¾Ð»ÑŒÐºÐ¸Ñ… ÑÑ‚Ð¾Ð»Ð±Ñ†Ð°Ñ…. Ð¤ÑƒÐ½ÐºÑ†Ð¸Ñ COUNT Ñ Ð½ÐµÑÐºÐ¾Ð»ÑŒÐºÐ¸Ð¼Ð¸ Ð°Ñ€Ð³ÑƒÐ¼ÐµÐ½Ñ‚Ð°Ð¼Ð¸ Ñ‚Ð¸Ð¿Ð° integer Ð½Ðµ ÑÑƒÑ‰ÐµÑÑ‚Ð²ÑƒÐµÑ‚",True
42,13,"4, Ð¿Ð¾Ñ‚Ð¾Ð¼Ñƒ Ñ‡Ñ‚Ð¾ COUNT(DISTINCT id1, id2) ÑÑ‡Ð¸Ñ‚Ð°ÐµÑ‚ ÐºÐ¾Ð»Ð¸Ñ‡ÐµÑÑ‚Ð²Ð¾ ÑƒÐ½Ð¸ÐºÐ°Ð»ÑŒÐ½Ñ‹Ñ… ÐºÐ¾Ð¼Ð±Ð¸Ð½Ð°Ñ†Ð¸Ð¹ Ð·Ð½Ð°Ñ‡ÐµÐ½Ð¸Ð¹ Ð² ÑÑ‚Ð¾Ð»Ð±Ñ†Ð°Ñ… id1 Ð¸ id2",False
43,13,"2, Ð¿Ð¾Ñ‚Ð¾Ð¼Ñƒ Ñ‡Ñ‚Ð¾ COUNT(DISTINCT id1, id2) ÑÑ‡Ð¸Ñ‚Ð°ÐµÑ‚ ÐºÐ¾Ð»Ð¸Ñ‡ÐµÑÑ‚Ð²Ð¾ ÑƒÐ½Ð¸ÐºÐ°Ð»ÑŒÐ½Ñ‹Ñ… ÐºÐ¾Ð¼Ð±Ð¸Ð½Ð°Ñ†Ð¸Ð¹ Ð·Ð½Ð°Ñ‡ÐµÐ½Ð¸Ð¹ Ð² ÑÑ‚Ð¾Ð»Ð±Ñ†Ð°Ñ… id1 Ð¸ id2 Ð½Ðµ ÑƒÑ‡Ð¸Ñ‚Ñ‹Ð²Ð°Ñ Ñ‚Ðµ Ð² ÐºÐ¾Ñ‚Ð¾Ñ€Ñ‹Ñ… ÐµÑÑ‚ÑŒ NULL",False
44,13,"2, Ð¿Ð¾Ñ‚Ð¾Ð¼Ñƒ Ñ‡Ñ‚Ð¾ COUNT(DISTINCT id1, id2) ÑÑ‡Ð¸Ñ‚Ð°ÐµÑ‚ ÐºÐ¾Ð»Ð¸Ñ‡ÐµÑÑ‚Ð²Ð¾ ÑƒÐ½Ð¸ÐºÐ°Ð»ÑŒÐ½Ñ‹Ñ… ÐºÐ¾Ð¼Ð±Ð¸Ð½Ð°Ñ†Ð¸Ð¹ Ð·Ð½Ð°Ñ‡ÐµÐ½Ð¸Ð¹ Ð² ÑÑ‚Ð¾Ð»Ð±Ñ†Ð°Ñ… id1 Ð¸ id2 Ð² ÐºÐ¾Ñ‚Ð¾Ñ€Ñ‹Ñ… ÐµÑÑ‚ÑŒ NULL",False
45,14,"5, Ð¿Ð¾Ñ‚Ð¾Ð¼Ñƒ Ñ‡Ñ‚Ð¾ SUM(1) ÑÑƒÐ¼Ð¼Ð¸Ñ€ÑƒÐµÑ‚ ÐµÐ´Ð¸Ð½Ð¸Ñ†Ñƒ Ð´Ð»Ñ ÐºÐ°Ð¶Ð´Ð¾Ð¹ ÑÑ‚Ñ€Ð¾ÐºÐ¸ Ñ‚Ð°Ð±Ð»Ð¸Ñ†Ñ‹, Ð½ÐµÐ·Ð°Ð²Ð¸ÑÐ¸Ð¼Ð¾ Ð¾Ñ‚ Ð·Ð½Ð°Ñ‡ÐµÐ½Ð¸Ð¹ Ð² ÐºÐ¾Ð»Ð¾Ð½ÐºÐ°Ñ…, Ð¿Ð¾Ñ‚Ð¾Ð¼Ñƒ Ñ‡Ñ‚Ð¾ ÑÑ‚Ð° ÐºÐ¾Ð½ÑÑ‚Ð°Ð½Ñ‚Ð° (1) Ð¾Ñ‚Ð»Ð¸Ñ‡Ð½Ð° Ð¾Ñ‚ NULL",True
46,14,"1, Ð¿Ð¾Ñ‚Ð¾Ð¼Ñƒ Ñ‡Ñ‚Ð¾ SUM(1) Ð¿Ñ€Ð¾ÑÑ‚Ð¾ ÑÑƒÐ¼Ð¼Ð¸Ñ€ÑƒÐµÑ‚ ÐµÐ´Ð¸Ð½Ð¸Ñ†Ñƒ ÐºÐ°Ðº Ð¼Ð°Ñ‚ÐµÐ¼Ð°Ñ‚Ð¸Ñ‡ÐµÑÐºÐ°Ñ Ñ„ÑƒÐ½ÐºÑ†Ð¸Ñ",False
47,14,"ÐžÑˆÐ¸Ð±ÐºÑƒ, Ð¿Ð¾Ñ‚Ð¾Ð¼Ñƒ Ñ‡Ñ‚Ð¾ Ð² SUM(columns) Ð¼Ð¾Ð¶Ð½Ð¾ Ð¸ÑÐ¿Ð¾Ð»ÑŒÐ·Ð¾Ð²Ð°Ñ‚ÑŒ Ñ‚Ð¾Ð»ÑŒÐºÐ¾ Ð½Ð°Ð·Ð²Ð°Ð½Ð¸Ðµ ÑÑ‚Ð¾Ð»Ð±Ñ†Ð°",False
48,14,"2, SUM(1) ÑÑƒÐ¼Ð¼Ð¸Ñ€ÑƒÐµÑ‚ ÐµÐ´Ð¸Ð½Ð¸Ñ†Ñƒ Ñ‚Ð¾Ð»ÑŒÐºÐ¾ Ð´Ð»Ñ ÑÑ‚Ñ€Ð¾Ðº Ð±ÐµÐ· Ð·Ð½Ð°Ñ‡ÐµÐ½Ð¸Ð¹ NULL Ð² Ð¾Ð±Ð¾Ð¸Ñ… ÑÑ‚Ð¾Ð»Ð±Ñ†Ð°Ñ… Ð¾Ð´Ð½Ð¾Ð²Ñ€ÐµÐ¼ÐµÐ½Ð½Ð¾",False
49,15,"9, Ð¿Ð¾Ñ‚Ð¾Ð¼Ñƒ Ñ‡Ñ‚Ð¾ SUM(id1) ÑÐºÐ»Ð°Ð´Ñ‹Ð²Ð°ÐµÑ‚ Ñ‚Ð¾Ð»ÑŒÐºÐ¾ Ð·Ð½Ð°Ñ‡ÐµÐ½Ð¸Ñ ÑÑ‚Ð¾Ð»Ð±Ñ†Ð° id1 (2, 5, 2), Ð¿Ñ€Ð¾Ð¿ÑƒÑÐºÐ°Ñ NULL",True
50,15,"3, Ð¿Ð¾Ñ‚Ð¾Ð¼Ñƒ Ñ‡Ñ‚Ð¾ SUM(id1) ÑÑ‡Ð¸Ñ‚Ð°ÐµÑ‚ ÐºÐ¾Ð»-Ð²Ð¾ ÑÑ‚Ñ€Ð¾Ðº ÑÑ‚Ð¾Ð»Ð±Ñ†Ð° id1 (2, 5, 2), Ð¿Ñ€Ð¾Ð¿ÑƒÑÐºÐ°Ñ NULL",False
51,15,"0, Ð¿Ð¾Ñ‚Ð¾Ð¼Ñƒ Ñ‡Ñ‚Ð¾ SUM(id1) Ð¿Ñ€Ð¸ ÑÐ»Ð¾Ð¶ÐµÐ½Ð¸Ð¸ Ð·Ð½Ð°ÑÐµÐ½Ð¸Ð¹ NULL Ð²Ð¾Ð·Ð²Ñ€Ð°Ñ‰Ð°ÐµÑ‚ 0 ÐºÐ°Ðº COUNT(NULL)",False
52,15,"7, Ð¿Ð¾Ñ‚Ð¾Ð¼Ñƒ Ñ‡Ñ‚Ð¾ SUM(id1) ÑÐºÐ»Ð°Ð´Ñ‹Ð²Ð°ÐµÑ‚ Ñ‚Ð¾Ð»ÑŒÐºÐ¾ ÑƒÐ½Ð¸ÐºÐ°Ð»ÑŒÐ½Ñ‹Ðµ Ð·Ð½Ð°Ñ‡ÐµÐ½Ð¸Ñ ÑÑ‚Ð¾Ð»Ð±Ñ†Ð° id1, Ð¿Ñ€Ð¾Ð¿ÑƒÑÐºÐ°Ñ NULL",False
53,16,"9, Ð¿Ð¾Ñ‚Ð¾Ð¼Ñƒ Ñ‡Ñ‚Ð¾ SUM(expression) Ð²Ñ‹Ñ‡Ð¸ÑÐ»ÑÐµÑ‚ ÑÑƒÐ¼Ð¼Ñƒ Ð·Ð½Ð°Ñ‡ÐµÐ½Ð¸Ð¹ Ð²Ñ‹Ñ€Ð°Ð¶ÐµÐ½Ð¸Ñ (id1 + id2), Ð¿Ð¾Ð´ÑÑ‚Ð°Ð²Ð»ÑÑ Ð² Ð½ÐµÐ³Ð¾ Ð·Ð½Ð°Ñ‡ÐµÐ½Ð¸Ñ Ð¸Ð· ÐºÐ°Ð¶Ð´Ð¾Ð¹ ÑÑ‚Ñ€Ð¾ÐºÐ¸, Ð¸Ð³Ð½Ð¾Ñ€Ð¸Ñ€ÑƒÑ NULL ÐºÐ¾Ñ‚Ð¾Ñ€Ñ‹Ðµ Ð¿Ð¾Ð»ÑƒÑ‡Ð°ÑŽÑ‚ÑÑ Ð¿Ð¾ÑÐ»Ðµ ÑÐ»Ð¾Ð¶ÐµÐ½Ð¸Ñ {2 + 2 , 2 + 3}. Ð•ÑÐ»Ð¸ Ð² Ð»ÑŽÐ±Ð¾Ð¹ Ð¸Ð· ÐºÐ¾Ð»Ð¾Ð½Ð¾Ðº (id1 Ð¸Ð»Ð¸ id2) Ð² ÑÑ‚Ñ€Ð¾ÐºÐµ ÐµÑÑ‚ÑŒ NULL, Ñ‚Ð¾ Ð²Ñ‹Ñ€Ð°Ð¶ÐµÐ½Ð¸Ðµ id1 + id2 Ñ‚Ð¾Ð¶Ðµ ÑÑ‚Ð°Ð½Ð¾Ð²Ð¸Ñ‚ÑÑ NULL",True
54,16,"15, Ð¿Ð¾Ñ‚Ð¾Ð¼Ñƒ Ñ‡Ñ‚Ð¾ SUM(expression) Ð²Ñ‹Ñ‡Ð¸ÑÐ»ÑÐµÑ‚ ÑÑƒÐ¼Ð¼Ñƒ Ð·Ð½Ð°Ñ‡ÐµÐ½Ð¸Ð¹ Ð²Ñ‹Ñ€Ð°Ð¶ÐµÐ½Ð¸Ñ (id1 + id2), Ð¿Ð¾Ð´ÑÑ‚Ð°Ð²Ð»ÑÑ Ð² Ð½ÐµÐ³Ð¾ Ð·Ð½Ð°Ñ‡ÐµÐ½Ð¸Ñ Ð¸Ð· ÐºÐ°Ð¶Ð´Ð¾Ð¹ ÑÑ‚Ñ€Ð¾ÐºÐ¸, Ð²ÐºÐ»ÑŽÑ‡Ð°Ñ NULL {1, 2 + 2 , 5, 2 + 3}",False
55,16,"5, Ð¿Ð¾Ñ‚Ð¾Ð¼Ñƒ Ñ‡Ñ‚Ð¾ SUM(expression) Ð²Ñ‹Ñ‡Ð¸ÑÐ»ÑÐµÑ‚ ÑÑƒÐ¼Ð¼Ñƒ Ð·Ð½Ð°Ñ‡ÐµÐ½Ð¸Ð¹ Ð²Ñ‹Ñ€Ð°Ð¶ÐµÐ½Ð¸Ñ (id1 + id2), Ð¿Ð¾Ð´ÑÑ‚Ð°Ð²Ð»ÑÑ Ð² Ð½ÐµÐ³Ð¾ Ð·Ð½Ð°Ñ‡ÐµÐ½Ð¸Ñ Ð¸Ð· ÐºÐ°Ð¶Ð´Ð¾Ð¹ ÑÑ‚Ñ€Ð¾ÐºÐ¸, Ð¸Ð³Ð½Ð¾Ñ€Ð¸Ñ€ÑƒÑ ÑÑ‚Ñ€Ð¾ÐºÐ¸ Ñ NULL. SUM() Ð½Ðµ ÑÑ‡Ð¸Ñ‚Ð°ÐµÑ‚ Ð²Ñ‹Ñ€Ð°Ð¶ÐµÐ½Ð¸Ðµ, ÐµÑÐ»Ð¸ Ð¾Ð´Ð½Ð¾ Ð¸Ð· Ð·Ð½Ð°Ñ‡ÐµÐ½Ð¸Ð¹ NULL",False
56,16,"0, Ð¿Ð¾Ñ‚Ð¾Ð¼Ñƒ Ñ‡Ñ‚Ð¾ SUM(expression) ÑÐºÐ»Ð°Ð´Ñ‹Ð²Ð°ÐµÑ‚ Ð²ÑÐµ Ð·Ð½Ð°Ñ‡ÐµÐ½Ð¸Ñ Ð²ÐºÐ»ÑŽÑ‡Ð°Ñ NULL. Ð˜ ÐºÐ°Ðº Ð¼Ñ‹ Ð·Ð½Ð°ÐµÐ¼, ÐµÑÐ»Ð¸ ÑÐ»Ð¾Ð¶Ð¸Ñ‚ÑŒ NULL Ñ Ð»ÑŽÐ±Ñ‹Ð¼ Ð·Ð½Ð°Ñ‡ÐµÐ½Ð¸ÐµÐ¼ Ð¼Ñ‹ Ð¿Ð¾Ð»ÑƒÑ‡Ð¸Ð¼ NULL",False
57,17,"6, Ð¿Ð¾Ñ‚Ð¾Ð¼Ñƒ Ñ‡Ñ‚Ð¾ SUM(expression) ÑÑ‡Ð¸Ñ‚Ð°ÐµÑ‚ ÑÑƒÐ¼Ð¼Ñƒ Ð¿Ð¾ Ð²ÑÐµÐ¼ ÐÐ• NULL Ð·Ð½Ð°Ñ‡ÐµÐ½Ð¸ÑÐ¼ Ð²Ð½ÑƒÑ‚Ñ€Ð¸ ÑÑ‚Ð¾Ð»Ð±Ñ†Ð°, ÐµÑÐ»Ð¸ Ð·Ð°Ð´Ð°Ð½ ÑÑ‚Ð¾Ð»Ð±ÐµÑ†. PostgreSQL Ñ€Ð°Ð·Ñ€ÐµÑˆÐ°ÐµÑ‚ Ð¸Ð¼ÐµÐ½Ð° ÑÑ‚Ð¾Ð»Ð±Ñ†Ð¾Ð² Ð² Ð´Ð²Ð¾Ð¹Ð½Ñ‹Ñ… ÐºÐ°Ð²Ñ‹Ñ‡ÐºÐ°Ñ… ""id2""",True
58,17,"ÐžÑˆÐ¸Ð±ÐºÑƒ, Ð¿Ð¾Ñ‚Ð¾Ð¼Ñƒ Ñ‡Ñ‚Ð¾ ""id2"" Ð½Ðµ ÑÐ²Ð»ÑÐµÑ‚ÑÑ Ð½Ð°Ð·Ð²Ð°Ð½Ð¸ÐµÐ¼ ÑÑ‚Ð¾Ð»Ð±Ñ†Ð°. ÐÐµÐ¾Ð±Ñ…Ð¾Ð´Ð¸Ð¼Ð¾ Ð¿Ð¸ÑÐ°Ñ‚ÑŒ Ð¿Ñ€Ð¾ÑÑ‚Ð¾ id2",False
59,17,"NULL, Ð¿Ð¾Ñ‚Ð¾Ð¼Ñƒ Ñ‡Ñ‚Ð¾ SUM(expression) ÑÑ‡Ð¸Ñ‚Ð°ÐµÑ‚ ÑÑƒÐ¼Ð¼Ñƒ Ð¿Ð¾ Ð²ÑÐµÐ¼ Ð·Ð½Ð°Ñ‡ÐµÐ½Ð¸ÑÐ¼ Ð²Ð½ÑƒÑ‚Ñ€Ð¸ ÑÑ‚Ð¾Ð»Ð±Ñ†Ð°, Ð²ÐºÐ»ÑŽÑ‡Ð°Ñ NULL {1, 2, NULL, NULL, 3}. Ð ÐºÐ°Ðº Ð¼Ñ‹ Ð·Ð½Ð°ÐµÐ¼ NULL Ð¿Ð»ÑŽÑ Ð»ÑŽÐ±Ð¾Ðµ Ð·Ð½Ð°Ñ‡ÐµÐ½Ð¸Ðµ Ð²ÐµÑ€Ð½ÐµÑ‚ NULL",False
60,17,"0, Ð¿Ð¾Ñ‚Ð¾Ð¼Ñƒ Ñ‡Ñ‚Ð¾ SUM(expression) ÑÑ‡Ð¸Ñ‚Ð°ÐµÑ‚ ÑÑƒÐ¼Ð¼Ñƒ Ð¿Ð¾ Ð²ÑÐµÐ¼ Ð·Ð½Ð°Ñ‡ÐµÐ½Ð¸ÑÐ¼ Ð²Ð½ÑƒÑ‚Ñ€Ð¸ ÑÑ‚Ð¾Ð»Ð±Ñ†Ð°, Ð²ÐºÐ»ÑŽÑ‡Ð°Ñ NULL {1, 2, NULL, NULL, 3}. Ð ÐºÐ°Ðº Ð¼Ñ‹ Ð·Ð½Ð°ÐµÐ¼ NULL Ð¿Ð»ÑŽÑ Ð»ÑŽÐ±Ð¾Ðµ Ð·Ð½Ð°Ñ‡ÐµÐ½Ð¸Ðµ Ð²ÐµÑ€Ð½ÐµÑ‚ NULL. Ð SUM(NULL) ÐºÐ°Ðº Ð¸ COUNT(NULL) Ð²ÐµÑ€Ð½ÐµÑ‚ 0",False
61,18,"ÐžÑˆÐ¸Ð±ÐºÑƒ, Ð¿Ð¾Ñ‚Ð¾Ð¼Ñƒ Ñ‡Ñ‚Ð¾ PostgreSQL Ð½Ðµ Ð¿Ð¾Ð´Ð´ÐµÑ€Ð¶Ð¸Ð²Ð°ÐµÑ‚ Ð¸ÑÐ¿Ð¾Ð»ÑŒÐ·Ð¾Ð²Ð°Ð½Ð¸Ðµ SUM(id1, id2) Ð´Ð»Ñ Ð¿Ð¾Ð´ÑÑ‡ÐµÑ‚Ð° Ð·Ð½Ð°Ñ‡ÐµÐ½Ð¸Ð¹ Ð² Ð½ÐµÑÐºÐ¾Ð»ÑŒÐºÐ¸Ñ… ÑÑ‚Ð¾Ð»Ð±Ñ†Ð°Ñ…. Ð¤ÑƒÐ½ÐºÑ†Ð¸Ñ SUM Ñ Ð½ÐµÑÐºÐ¾Ð»ÑŒÐºÐ¸Ð¼Ð¸ Ð°Ñ€Ð³ÑƒÐ¼ÐµÐ½Ñ‚Ð°Ð¼Ð¸ Ñ‚Ð¸Ð¿Ð° integer Ð½Ðµ ÑÑƒÑ‰ÐµÑÑ‚Ð²ÑƒÐµÑ‚",True
62,18,"15, Ð¿Ð¾Ñ‚Ð¾Ð¼Ñƒ Ñ‡Ñ‚Ð¾ SUM(id1, id2) ÑÑƒÐ¼Ð¼Ð¸Ñ€ÑƒÐµÑ‚ Ð·Ð½Ð°Ñ‡ÐµÐ½Ð¸Ñ Ð¾Ð±Ð¾Ð¸Ñ… ÑÑ‚Ð¾Ð»Ð±Ñ†Ð¾Ð²",False
63,18,"9, Ð¿Ð¾Ñ‚Ð¾Ð¼Ñƒ Ñ‡Ñ‚Ð¾ SUM(id1, id2) ÑÑƒÐ¼Ð¼Ð¸Ñ€ÑƒÐµÑ‚ Ð·Ð½Ð°Ñ‡ÐµÐ½Ð¸Ñ Ð¾Ð±Ð¾Ð¸Ñ… ÑÑ‚Ð¾Ð»Ð±Ñ†Ð¾Ð², Ð¸Ð³Ð½Ð¾Ñ€Ð¸Ñ€ÑƒÑ NULL",False
64,18,"0, Ð¿Ð¾Ñ‚Ð¾Ð¼Ñƒ Ñ‡Ñ‚Ð¾ SUM(id1, id2) ÑÑ‡Ð¸Ñ‚Ð°ÐµÑ‚ ÑÑƒÐ¼Ð¼Ñƒ Ð¿Ð¾ Ð²ÑÐµÐ¼ Ð·Ð½Ð°Ñ‡ÐµÐ½Ð¸ÑÐ¼ Ð²Ð½ÑƒÑ‚Ñ€Ð¸ Ð·Ð°Ð´Ð°Ð½Ð½Ñ‹Ñ… ÑÑ‚Ð¾Ð»Ð±Ñ†Ð¾Ð², Ð²ÐºÐ»ÑŽÑ‡Ð°Ñ NULL. Ð ÐºÐ°Ðº Ð¼Ñ‹ Ð·Ð½Ð°ÐµÐ¼ NULL Ð¿Ð»ÑŽÑ Ð»ÑŽÐ±Ð¾Ðµ Ð·Ð½Ð°Ñ‡ÐµÐ½Ð¸Ðµ Ð²ÐµÑ€Ð½ÐµÑ‚ NULL. Ð SUM(NULL) ÐºÐ°Ðº Ð¸ COUNT(NULL) Ð²ÐµÑ€Ð½ÐµÑ‚ 0",False
65,19,"ÐžÑˆÐ¸Ð±ÐºÑƒ, Ð¿Ð¾Ñ‚Ð¾Ð¼Ñƒ Ñ‡Ñ‚Ð¾ PostgreSQL Ð½Ðµ Ð¿Ð¾Ð´Ð´ÐµÑ€Ð¶Ð¸Ð²Ð°ÐµÑ‚ Ð¸ÑÐ¿Ð¾Ð»ÑŒÐ·Ð¾Ð²Ð°Ð½Ð¸Ðµ SUM(DISTINCT id1, id2) Ð´Ð»Ñ Ð¿Ð¾Ð´ÑÑ‡ÐµÑ‚Ð° Ð·Ð½Ð°Ñ‡ÐµÐ½Ð¸Ð¹ Ð² Ð½ÐµÑÐºÐ¾Ð»ÑŒÐºÐ¸Ñ… ÑÑ‚Ð¾Ð»Ð±Ñ†Ð°Ñ…. Ð¤ÑƒÐ½ÐºÑ†Ð¸Ñ SUM Ñ Ð½ÐµÑÐºÐ¾Ð»ÑŒÐºÐ¸Ð¼Ð¸ Ð°Ñ€Ð³ÑƒÐ¼ÐµÐ½Ñ‚Ð°Ð¼Ð¸ Ñ‚Ð¸Ð¿Ð° integer Ð½Ðµ ÑÑƒÑ‰ÐµÑÑ‚Ð²ÑƒÐµÑ‚. ÐÐ³Ñ€ÐµÐ³Ð°Ñ‚Ð½Ñ‹Ðµ Ñ„ÑƒÐ½ÐºÑ†Ð¸Ð¸ Ð¿Ñ€Ð¸Ð½Ð¸Ð¼Ð°ÑŽÑ‚ Ð¾Ð´Ð¸Ð½ Ð°Ñ€Ð³ÑƒÐ¼ÐµÐ½Ñ‚ Ð¸ Ð²Ð¾Ð·Ð²Ñ€Ð°Ñ‰Ð°ÑŽÑ‚ Ð¾Ð´Ð½Ð¾ Ð·Ð½Ð°Ñ‡ÐµÐ½Ð¸Ðµ, Ð²Ñ‹Ñ‡Ð¸ÑÐ»ÐµÐ½Ð½Ð¾Ðµ Ð½Ð° Ð¾ÑÐ½Ð¾Ð²Ðµ Ð½Ð°Ð±Ð¾Ñ€Ð° Ð²Ñ…Ð¾Ð´Ð½Ñ‹Ñ… Ð·Ð½Ð°Ñ‡ÐµÐ½Ð¸Ð¹ Ð¸Ð· ÑÑ‚Ñ€Ð¾Ðº",True
66,19,"7, Ð¿Ð¾Ñ‚Ð¾Ð¼Ñƒ Ñ‡Ñ‚Ð¾ SUM(DISTINCT id1, id2) ÑÑƒÐ¼Ð¼Ð¸Ñ€ÑƒÐµÑ‚ ÑƒÐ½Ð¸ÐºÐ°Ð»ÑŒÐ½Ñ‹Ðµ Ð·Ð½Ð°Ñ‡ÐµÐ½Ð¸Ñ Ð¾Ð±Ð¾Ð¸Ñ… ÑÑ‚Ð¾Ð»Ð±Ñ†Ð¾Ð². Ð—Ð°Ð´ÑƒÐ±Ð»Ð¸Ñ€Ð¾Ð²Ð°Ð½Ð½Ð¾Ðµ Ð·Ð½Ð°Ñ‡ÐµÐ½Ð¸Ðµ {2, 2} Ð² Ð¿ÑÑ‚Ð¾Ð¹ ÑÑ‚Ñ€Ð¾ÐºÐµ Ð½Ðµ Ð¿Ð¾Ð¿Ð°Ð´ÐµÑ‚ Ð² Ð¿Ð¾Ð´ÑÑ‡ÐµÑ‚ ÑÑƒÐ¼Ð¼Ñ‹",False
67,19,"9, Ð¿Ð¾Ñ‚Ð¾Ð¼Ñƒ Ñ‡Ñ‚Ð¾ SUM(DISTINCT id1, id2) ÑÑƒÐ¼Ð¼Ð¸Ñ€ÑƒÐµÑ‚ ÑƒÐ½Ð¸ÐºÐ°Ð»ÑŒÐ½Ñ‹Ðµ Ð·Ð½Ð°Ñ‡ÐµÐ½Ð¸Ñ Ð¾Ð±Ð¾Ð¸Ñ… ÑÑ‚Ð¾Ð»Ð±Ñ†Ð¾Ð², Ð¸Ð³Ð½Ð¾Ñ€Ð¸Ñ€ÑƒÑ NULL {2, 2, 2, 3}",False
68,19,"0, Ð¿Ð¾Ñ‚Ð¾Ð¼Ñƒ Ñ‡Ñ‚Ð¾ SUM(DISTINCT id1, id2) ÑÑ‡Ð¸Ñ‚Ð°ÐµÑ‚ ÑÑƒÐ¼Ð¼Ñƒ Ð¿Ð¾ Ð²ÑÐµÐ¼ ÑƒÐ½Ð¸ÐºÐ°Ð»ÑŒÐ½Ñ‹Ð¼ Ð·Ð½Ð°Ñ‡ÐµÐ½Ð¸ÑÐ¼ Ð²Ð½ÑƒÑ‚Ñ€Ð¸ Ð·Ð°Ð´Ð°Ð½Ð½Ñ‹Ñ… ÑÑ‚Ð¾Ð»Ð±Ñ†Ð¾Ð², Ð²ÐºÐ»ÑŽÑ‡Ð°Ñ NULL. Ð ÐºÐ°Ðº Ð¼Ñ‹ Ð·Ð½Ð°ÐµÐ¼ NULL Ð¿Ð»ÑŽÑ Ð»ÑŽÐ±Ð¾Ðµ Ð·Ð½Ð°Ñ‡ÐµÐ½Ð¸Ðµ Ð²ÐµÑ€Ð½ÐµÑ‚ NULL. Ð SUM(NULL) ÐºÐ°Ðº Ð¸ COUNT(NULL) Ð²ÐµÑ€Ð½ÐµÑ‚ 0",False
69,20,"1. FROM       -- ÑƒÐºÐ°Ð·Ð°Ð½Ð¸Ðµ Ð¸ÑÑ‚Ð¾Ñ‡Ð½Ð¸ÐºÐ° Ð´Ð°Ð½Ð½Ñ‹Ñ…
2. WHERE      -- Ñ„Ð¸Ð»ÑŒÑ‚Ñ€Ð°Ñ†Ð¸Ñ Ð´Ð°Ð½Ð½Ñ‹Ñ…
3. GROUP BY   -- Ð³Ñ€ÑƒÐ¿Ð¿Ð¸Ñ€Ð¾Ð²ÐºÐ° Ð´Ð°Ð½Ð½Ñ‹Ñ…
4. HAVING     -- Ñ„Ð¸Ð»ÑŒÑ‚Ñ€Ð°Ñ†Ð¸Ñ Ð´Ð°Ð½Ð½Ñ‹Ñ… Ð¿Ð¾ÑÐ»Ðµ Ð³Ñ€ÑƒÐ¿Ð¿Ð¸Ñ€Ð¾Ð²ÐºÐ¸
5. SELECT     -- Ð¿ÐµÑ€ÐµÑ‡Ð¸ÑÐ»ÐµÐ½Ð¸Ðµ Ð¿Ð¾Ð»ÐµÐ¹ Ñ€ÐµÐ·ÑƒÐ»ÑŒÑ‚Ð¸Ñ€ÑƒÑŽÑ‰ÐµÐ¹ Ñ‚Ð°Ð±Ð»Ð¸Ñ†Ñ‹
6. ORDER BY   -- ÑÐ¾Ñ€Ñ‚Ð¸Ñ€Ð¾Ð²ÐºÐ° Ñ€ÐµÐ·ÑƒÐ»ÑŒÑ‚Ð¸Ñ€ÑƒÑŽÑ‰ÐµÐ¹ Ñ‚Ð°Ð±Ð»Ð¸Ñ†Ñ‹
7. LIMIT      -- Ð¾Ð³Ñ€Ð°Ð½Ð¸Ñ‡ÐµÐ½Ð¸Ðµ ÐºÐ¾Ð»Ð¸Ñ‡ÐµÑÑ‚Ð²Ð° Ð²Ñ‹Ð²Ð¾Ð´Ð¸Ð¼Ñ‹Ñ… Ð·Ð°Ð¿Ð¸ÑÐµÐ¹
8. OFFSET     -- Ð¿Ñ€Ð¾Ð¿ÑƒÑÐº Ð¾Ð¿Ñ€ÐµÐ´ÐµÐ»ÐµÐ½Ð½Ð¾Ð³Ð¾ ÐºÐ¾Ð»Ð¸Ñ‡ÐµÑÑ‚Ð²Ð° ÑÑ‚Ñ€Ð¾Ðº Ð¿ÐµÑ€ÐµÐ´ Ð½Ð°Ñ‡Ð°Ð»Ð¾Ð¼ Ð²Ñ‹Ð²Ð¾Ð´Ð°",True
70,20,"1. SELECT     -- Ð¿ÐµÑ€ÐµÑ‡Ð¸ÑÐ»ÐµÐ½Ð¸Ðµ Ð¿Ð¾Ð»ÐµÐ¹ Ñ€ÐµÐ·ÑƒÐ»ÑŒÑ‚Ð¸Ñ€ÑƒÑŽÑ‰ÐµÐ¹ Ñ‚Ð°Ð±Ð»Ð¸Ñ†Ñ‹
2. FROM       -- ÑƒÐºÐ°Ð·Ð°Ð½Ð¸Ðµ Ð¸ÑÑ‚Ð¾Ñ‡Ð½Ð¸ÐºÐ° Ð´Ð°Ð½Ð½Ñ‹Ñ…
3. WHERE      -- Ñ„Ð¸Ð»ÑŒÑ‚Ñ€Ð°Ñ†Ð¸Ñ Ð´Ð°Ð½Ð½Ñ‹Ñ…
4. GROUP BY   -- Ð³Ñ€ÑƒÐ¿Ð¿Ð¸Ñ€Ð¾Ð²ÐºÐ° Ð´Ð°Ð½Ð½Ñ‹Ñ…
5. HAVING     -- Ñ„Ð¸Ð»ÑŒÑ‚Ñ€Ð°Ñ†Ð¸Ñ Ð´Ð°Ð½Ð½Ñ‹Ñ… Ð¿Ð¾ÑÐ»Ðµ Ð³Ñ€ÑƒÐ¿Ð¿Ð¸Ñ€Ð¾Ð²ÐºÐ¸
6. ORDER BY   -- ÑÐ¾Ñ€Ñ‚Ð¸Ñ€Ð¾Ð²ÐºÐ° Ñ€ÐµÐ·ÑƒÐ»ÑŒÑ‚Ð¸Ñ€ÑƒÑŽÑ‰ÐµÐ¹ Ñ‚Ð°Ð±Ð»Ð¸Ñ†Ñ‹
7. LIMIT      -- Ð¾Ð³Ñ€Ð°Ð½Ð¸Ñ‡ÐµÐ½Ð¸Ðµ ÐºÐ¾Ð»Ð¸Ñ‡ÐµÑÑ‚Ð²Ð° Ð²Ñ‹Ð²Ð¾Ð´Ð¸Ð¼Ñ‹Ñ… Ð·Ð°Ð¿Ð¸ÑÐµÐ¹
8. OFFSET     -- Ð¿Ñ€Ð¾Ð¿ÑƒÑÐº Ð¾Ð¿Ñ€ÐµÐ´ÐµÐ»ÐµÐ½Ð½Ð¾Ð³Ð¾ ÐºÐ¾Ð»Ð¸Ñ‡ÐµÑÑ‚Ð²Ð° ÑÑ‚Ñ€Ð¾Ðº Ð¿ÐµÑ€ÐµÐ´ Ð½Ð°Ñ‡Ð°Ð»Ð¾Ð¼ Ð²Ñ‹Ð²Ð¾Ð´Ð°",False
71,20,"1. FROM       -- ÑƒÐºÐ°Ð·Ð°Ð½Ð¸Ðµ Ð¸ÑÑ‚Ð¾Ñ‡Ð½Ð¸ÐºÐ° Ð´Ð°Ð½Ð½Ñ‹Ñ…
2. SELECT     -- Ð¿ÐµÑ€ÐµÑ‡Ð¸ÑÐ»ÐµÐ½Ð¸Ðµ Ð¿Ð¾Ð»ÐµÐ¹ Ñ€ÐµÐ·ÑƒÐ»ÑŒÑ‚Ð¸Ñ€ÑƒÑŽÑ‰ÐµÐ¹ Ñ‚Ð°Ð±Ð»Ð¸Ñ†Ñ‹
3. WHERE      -- Ñ„Ð¸Ð»ÑŒÑ‚Ñ€Ð°Ñ†Ð¸Ñ Ð´Ð°Ð½Ð½Ñ‹Ñ…
4. GROUP BY   -- Ð³Ñ€ÑƒÐ¿Ð¿Ð¸Ñ€Ð¾Ð²ÐºÐ° Ð´Ð°Ð½Ð½Ñ‹Ñ…
5. HAVING     -- Ñ„Ð¸Ð»ÑŒÑ‚Ñ€Ð°Ñ†Ð¸Ñ Ð´Ð°Ð½Ð½Ñ‹Ñ… Ð¿Ð¾ÑÐ»Ðµ Ð³Ñ€ÑƒÐ¿Ð¿Ð¸Ñ€Ð¾Ð²ÐºÐ¸
6. ORDER BY   -- ÑÐ¾Ñ€Ñ‚Ð¸Ñ€Ð¾Ð²ÐºÐ° Ñ€ÐµÐ·ÑƒÐ»ÑŒÑ‚Ð¸Ñ€ÑƒÑŽÑ‰ÐµÐ¹ Ñ‚Ð°Ð±Ð»Ð¸Ñ†Ñ‹
7. LIMIT      -- Ð¾Ð³Ñ€Ð°Ð½Ð¸Ñ‡ÐµÐ½Ð¸Ðµ ÐºÐ¾Ð»Ð¸Ñ‡ÐµÑÑ‚Ð²Ð° Ð²Ñ‹Ð²Ð¾Ð´Ð¸Ð¼Ñ‹Ñ… Ð·Ð°Ð¿Ð¸ÑÐµÐ¹
8. OFFSET     -- Ð¿Ñ€Ð¾Ð¿ÑƒÑÐº Ð¾Ð¿Ñ€ÐµÐ´ÐµÐ»ÐµÐ½Ð½Ð¾Ð³Ð¾ ÐºÐ¾Ð»Ð¸Ñ‡ÐµÑÑ‚Ð²Ð° ÑÑ‚Ñ€Ð¾Ðº Ð¿ÐµÑ€ÐµÐ´ Ð½Ð°Ñ‡Ð°Ð»Ð¾Ð¼ Ð²Ñ‹Ð²Ð¾Ð´Ð°",False
72,20,"1. SELECT     -- Ð¿ÐµÑ€ÐµÑ‡Ð¸ÑÐ»ÐµÐ½Ð¸Ðµ Ð¿Ð¾Ð»ÐµÐ¹ Ñ€ÐµÐ·ÑƒÐ»ÑŒÑ‚Ð¸Ñ€ÑƒÑŽÑ‰ÐµÐ¹ Ñ‚Ð°Ð±Ð»Ð¸Ñ†Ñ‹
2. FROM       -- ÑƒÐºÐ°Ð·Ð°Ð½Ð¸Ðµ Ð¸ÑÑ‚Ð¾Ñ‡Ð½Ð¸ÐºÐ° Ð´Ð°Ð½Ð½Ñ‹Ñ…
3. GROUP BY   -- Ð³Ñ€ÑƒÐ¿Ð¿Ð¸Ñ€Ð¾Ð²ÐºÐ° Ð´Ð°Ð½Ð½Ñ‹Ñ…
4. WHERE      -- Ñ„Ð¸Ð»ÑŒÑ‚Ñ€Ð°Ñ†Ð¸Ñ Ð´Ð°Ð½Ð½Ñ‹Ñ…
5. HAVING     -- Ñ„Ð¸Ð»ÑŒÑ‚Ñ€Ð°Ñ†Ð¸Ñ Ð´Ð°Ð½Ð½Ñ‹Ñ… Ð¿Ð¾ÑÐ»Ðµ Ð³Ñ€ÑƒÐ¿Ð¿Ð¸Ñ€Ð¾Ð²ÐºÐ¸
6. ORDER BY   -- ÑÐ¾Ñ€Ñ‚Ð¸Ñ€Ð¾Ð²ÐºÐ° Ñ€ÐµÐ·ÑƒÐ»ÑŒÑ‚Ð¸Ñ€ÑƒÑŽÑ‰ÐµÐ¹ Ñ‚Ð°Ð±Ð»Ð¸Ñ†Ñ‹
7. LIMIT      -- Ð¾Ð³Ñ€Ð°Ð½Ð¸Ñ‡ÐµÐ½Ð¸Ðµ ÐºÐ¾Ð»Ð¸Ñ‡ÐµÑÑ‚Ð²Ð° Ð²Ñ‹Ð²Ð¾Ð´Ð¸Ð¼Ñ‹Ñ… Ð·Ð°Ð¿Ð¸ÑÐµÐ¹
8. OFFSET     -- Ð¿Ñ€Ð¾Ð¿ÑƒÑÐº Ð¾Ð¿Ñ€ÐµÐ´ÐµÐ»ÐµÐ½Ð½Ð¾Ð³Ð¾ ÐºÐ¾Ð»Ð¸Ñ‡ÐµÑÑ‚Ð²Ð° ÑÑ‚Ñ€Ð¾Ðº Ð¿ÐµÑ€ÐµÐ´ Ð½Ð°Ñ‡Ð°Ð»Ð¾Ð¼ Ð²Ñ‹Ð²Ð¾Ð´Ð°",False
73,21,"ÐžÐ³Ñ€Ð°Ð½Ð¸Ñ‡ÐµÐ½Ð¸Ñ (constraints) â€” ÑÑ‚Ð¾ Ð¿Ñ€Ð°Ð²Ð¸Ð»Ð°, ÐºÐ¾Ñ‚Ð¾Ñ€Ñ‹Ðµ Ð¿Ð¾Ð¼Ð¾Ð³Ð°ÑŽÑ‚ Ð±Ð°Ð·Ðµ Ð´Ð°Ð½Ð½Ñ‹Ñ… Ð¿Ð¾Ð´Ð´ÐµÑ€Ð¶Ð¸Ð²Ð°Ñ‚ÑŒ Ð¿Ð¾Ñ€ÑÐ´Ð¾Ðº. ÐžÐ½Ð¸ ÑÐ»ÐµÐ´ÑÑ‚, Ñ‡Ñ‚Ð¾Ð±Ñ‹ Ð² Ñ‚Ð°Ð±Ð»Ð¸Ñ†Ñ‹ Ð½Ðµ Ð¿Ð¾Ð¿Ð°Ð´Ð°Ð»Ð¸ Ð½ÐµÐ¿Ñ€Ð°Ð²Ð¸Ð»ÑŒÐ½Ñ‹Ðµ Ð¸Ð»Ð¸ Ð¿Ñ€Ð¾Ñ‚Ð¸Ð²Ð¾Ñ€ÐµÑ‡Ð¸Ð²Ñ‹Ðµ Ð´Ð°Ð½Ð½Ñ‹Ðµ. 
ÐÐ¸Ð¶Ðµ ÑÐ°Ð¼Ñ‹Ðµ Ð¿Ð¾Ð¿ÑƒÐ»ÑÑ€Ð½Ñ‹Ðµ Ð¾Ð³Ñ€Ð°Ð½Ð¸Ñ‡ÐµÐ½Ð¸Ñ: 
PRIMARY KEY â€” Ð´ÐµÐ»Ð°ÐµÑ‚ ÑÑ‚Ð¾Ð»Ð±ÐµÑ† (Ð¸Ð»Ð¸ Ð³Ñ€ÑƒÐ¿Ð¿Ñƒ ÑÑ‚Ð¾Ð»Ð±Ñ†Ð¾Ð²) ÑƒÐ½Ð¸ÐºÐ°Ð»ÑŒÐ½Ñ‹Ð¼ Ð¸Ð´ÐµÐ½Ñ‚Ð¸Ñ„Ð¸ÐºÐ°Ñ‚Ð¾Ñ€Ð¾Ð¼ ÐºÐ°Ð¶Ð´Ð¾Ð¹ ÑÑ‚Ñ€Ð¾ÐºÐ¸ 
UNIQUE â€” Ð·Ð°Ð¿Ñ€ÐµÑ‰Ð°ÐµÑ‚ Ð´ÑƒÐ±Ð»Ð¸Ñ€ÑƒÑŽÑ‰Ð¸ÐµÑÑ Ð·Ð½Ð°Ñ‡ÐµÐ½Ð¸Ñ Ð² ÑÑ‚Ð¾Ð»Ð±Ñ†Ðµ 
NOT NULL â€” Ð½Ðµ Ð¿Ð¾Ð·Ð²Ð¾Ð»ÑÐµÑ‚ Ñ…Ñ€Ð°Ð½Ð¸Ñ‚ÑŒ Ð¿ÑƒÑÑ‚Ñ‹Ðµ (NULL) Ð·Ð½Ð°Ñ‡ÐµÐ½Ð¸Ñ 
DEFAULT â€” Ð¿Ð¾Ð´ÑÑ‚Ð°Ð²Ð»ÑÐµÑ‚ Ð·Ð½Ð°Ñ‡ÐµÐ½Ð¸Ðµ Ð¿Ð¾ ÑƒÐ¼Ð¾Ð»Ñ‡Ð°Ð½Ð¸ÑŽ, ÐµÑÐ»Ð¸ Ð½Ð¸Ñ‡ÐµÐ³Ð¾ Ð½Ðµ ÑƒÐºÐ°Ð·Ð°Ð½Ð¾ 
CHECK â€” Ð·Ð°Ð´Ð°Ñ‘Ñ‚ ÐºÐ°ÑÑ‚Ð¾Ð¼Ð½Ñ‹Ðµ ÑƒÑÐ»Ð¾Ð²Ð¸Ñ, Ð½Ð°Ð¿Ñ€Ð¸Ð¼ÐµÑ€, `age > 0` 
FOREIGN KEY â€” ÑÐ²ÑÐ·Ñ‹Ð²Ð°ÐµÑ‚ Ñ‚Ð°Ð±Ð»Ð¸Ñ†Ñ‹, Ñ‡Ñ‚Ð¾Ð±Ñ‹ Ð´Ð°Ð½Ð½Ñ‹Ðµ Ð½Ðµ Ñ‚ÐµÑ€ÑÐ»Ð¸ Ð»Ð¾Ð³Ð¸ÐºÑƒ",True
74,21,"ÐžÐ³Ñ€Ð°Ð½Ð¸Ñ‡ÐµÐ½Ð¸Ñ (constraints) â€” ÑÑ‚Ð¾ Ð¿Ñ€Ð°Ð²Ð¸Ð»Ð°, ÐºÐ¾Ñ‚Ð¾Ñ€Ñ‹Ðµ Ð¿Ð¾Ð¼Ð¾Ð³Ð°ÑŽÑ‚ Ð±Ð°Ð·Ðµ Ð´Ð°Ð½Ð½Ñ‹Ñ… Ð¿Ð¾Ð´Ð´ÐµÑ€Ð¶Ð¸Ð²Ð°Ñ‚ÑŒ Ð¿Ð¾Ñ€ÑÐ´Ð¾Ðº. ÐžÐ½Ð¸ ÑÐ»ÐµÐ´ÑÑ‚, Ñ‡Ñ‚Ð¾Ð±Ñ‹ Ð² Ñ‚Ð°Ð±Ð»Ð¸Ñ†Ñ‹ Ð½Ðµ Ð¿Ð¾Ð¿Ð°Ð´Ð°Ð»Ð¸ Ð½ÐµÐ¿Ñ€Ð°Ð²Ð¸Ð»ÑŒÐ½Ñ‹Ðµ Ð¸Ð»Ð¸ Ð¿Ñ€Ð¾Ñ‚Ð¸Ð²Ð¾Ñ€ÐµÑ‡Ð¸Ð²Ñ‹Ðµ Ð´Ð°Ð½Ð½Ñ‹Ðµ. 
ÐÐ¸Ð¶Ðµ ÑÐ°Ð¼Ñ‹Ðµ Ð¿Ð¾Ð¿ÑƒÐ»ÑÑ€Ð½Ñ‹Ðµ Ð¾Ð³Ñ€Ð°Ð½Ð¸Ñ‡ÐµÐ½Ð¸Ñ: 
PRIMARY KEY â€” Ð·Ð°Ð¿Ñ€ÐµÑ‰Ð°ÐµÑ‚ Ð´ÑƒÐ±Ð»Ð¸Ñ€ÑƒÑŽÑ‰Ð¸ÐµÑÑ Ð·Ð½Ð°Ñ‡ÐµÐ½Ð¸Ñ Ð² ÑÑ‚Ð¾Ð»Ð±Ñ†Ðµ 
UNIQUE â€” Ð´ÐµÐ»Ð°ÐµÑ‚ ÑÑ‚Ð¾Ð»Ð±ÐµÑ† (Ð¸Ð»Ð¸ Ð³Ñ€ÑƒÐ¿Ð¿Ñƒ ÑÑ‚Ð¾Ð»Ð±Ñ†Ð¾Ð²) ÑƒÐ½Ð¸ÐºÐ°Ð»ÑŒÐ½Ñ‹Ð¼ Ð¸Ð´ÐµÐ½Ñ‚Ð¸Ñ„Ð¸ÐºÐ°Ñ‚Ð¾Ñ€Ð¾Ð¼ ÐºÐ°Ð¶Ð´Ð¾Ð¹ ÑÑ‚Ñ€Ð¾ÐºÐ¸ 
NOT NULL â€” Ð¿Ð¾Ð·Ð²Ð¾Ð»ÑÐµÑ‚ Ñ…Ñ€Ð°Ð½Ð¸Ñ‚ÑŒ Ð¿ÑƒÑÑ‚Ñ‹Ðµ (NULL) Ð·Ð½Ð°Ñ‡ÐµÐ½Ð¸Ñ 
DEFAULT â€” Ð¿Ð¾Ð´ÑÑ‚Ð°Ð²Ð»ÑÐµÑ‚ Ð·Ð½Ð°Ñ‡ÐµÐ½Ð¸Ðµ Ð¿Ð¾ ÑƒÐ¼Ð¾Ð»Ñ‡Ð°Ð½Ð¸ÑŽ, ÐµÑÐ»Ð¸ Ð½Ð¸Ñ‡ÐµÐ³Ð¾ Ð½Ðµ ÑƒÐºÐ°Ð·Ð°Ð½Ð¾ 
CHECK â€” Ð·Ð°Ð´Ð°Ñ‘Ñ‚ ÐºÐ°ÑÑ‚Ð¾Ð¼Ð½Ñ‹Ðµ ÑƒÑÐ»Ð¾Ð²Ð¸Ñ, Ð½Ð°Ð¿Ñ€Ð¸Ð¼ÐµÑ€, `age > 0` 
FOREIGN KEY â€” ÑÐ²ÑÐ·Ñ‹Ð²Ð°ÐµÑ‚ Ñ‚Ð°Ð±Ð»Ð¸Ñ†Ñ‹, Ñ‡Ñ‚Ð¾Ð±Ñ‹ Ð´Ð°Ð½Ð½Ñ‹Ðµ Ð½Ðµ Ñ‚ÐµÑ€ÑÐ»Ð¸ Ð»Ð¾Ð³Ð¸ÐºÑƒ",False
75,21,"ÐžÐ³Ñ€Ð°Ð½Ð¸Ñ‡ÐµÐ½Ð¸Ñ (constraints) â€” ÑÑ‚Ð¾ Ð¿Ñ€Ð°Ð²Ð¸Ð»Ð°, ÐºÐ¾Ñ‚Ð¾Ñ€Ñ‹Ðµ Ð¿Ð¾Ð¼Ð¾Ð³Ð°ÑŽÑ‚ Ð±Ð°Ð·Ðµ Ð´Ð°Ð½Ð½Ñ‹Ñ… Ð¿Ð¾Ð´Ð´ÐµÑ€Ð¶Ð¸Ð²Ð°Ñ‚ÑŒ Ð¿Ð¾Ñ€ÑÐ´Ð¾Ðº. ÐžÐ½Ð¸ ÑÐ»ÐµÐ´ÑÑ‚, Ñ‡Ñ‚Ð¾Ð±Ñ‹ Ð² Ñ‚Ð°Ð±Ð»Ð¸Ñ†Ñ‹ Ð½Ðµ Ð¿Ð¾Ð¿Ð°Ð´Ð°Ð»Ð¸ Ð½ÐµÐ¿Ñ€Ð°Ð²Ð¸Ð»ÑŒÐ½Ñ‹Ðµ Ð¸Ð»Ð¸ Ð¿Ñ€Ð¾Ñ‚Ð¸Ð²Ð¾Ñ€ÐµÑ‡Ð¸Ð²Ñ‹Ðµ Ð´Ð°Ð½Ð½Ñ‹Ðµ. 
ÐÐ¸Ð¶Ðµ ÑÐ°Ð¼Ñ‹Ðµ Ð¿Ð¾Ð¿ÑƒÐ»ÑÑ€Ð½Ñ‹Ðµ Ð¾Ð³Ñ€Ð°Ð½Ð¸Ñ‡ÐµÐ½Ð¸Ñ: 
PRIMARY KEY â€” Ð´ÐµÐ»Ð°ÐµÑ‚ ÑÑ‚Ð¾Ð»Ð±ÐµÑ† (Ð¸Ð»Ð¸ Ð³Ñ€ÑƒÐ¿Ð¿Ñƒ ÑÑ‚Ð¾Ð»Ð±Ñ†Ð¾Ð²) ÑƒÐ½Ð¸ÐºÐ°Ð»ÑŒÐ½Ñ‹Ð¼ Ð¸Ð´ÐµÐ½Ñ‚Ð¸Ñ„Ð¸ÐºÐ°Ñ‚Ð¾Ñ€Ð¾Ð¼ ÐºÐ°Ð¶Ð´Ð¾Ð¹ ÑÑ‚Ñ€Ð¾ÐºÐ¸ 
UNIQUE â€” Ð·Ð°Ð¿Ñ€ÐµÑ‰Ð°ÐµÑ‚ Ð´ÑƒÐ±Ð»Ð¸Ñ€ÑƒÑŽÑ‰Ð¸ÐµÑÑ Ð·Ð½Ð°Ñ‡ÐµÐ½Ð¸Ñ Ð² ÑÑ‚Ð¾Ð»Ð±Ñ†Ðµ 
NOT NULL â€” Ð½Ðµ Ð¿Ð¾Ð·Ð²Ð¾Ð»ÑÐµÑ‚ Ñ…Ñ€Ð°Ð½Ð¸Ñ‚ÑŒ Ð¿ÑƒÑÑ‚Ñ‹Ðµ (NULL) Ð·Ð½Ð°Ñ‡ÐµÐ½Ð¸Ñ 
DEFAULT â€” Ð¿Ð¾Ð´ÑÑ‚Ð°Ð²Ð»ÑÐµÑ‚ Ð·Ð½Ð°Ñ‡ÐµÐ½Ð¸Ðµ Ð¿Ð¾ ÑƒÐ¼Ð¾Ð»Ñ‡Ð°Ð½Ð¸ÑŽ, ÐµÑÐ»Ð¸ Ð½Ð¸Ñ‡ÐµÐ³Ð¾ Ð½Ðµ ÑƒÐºÐ°Ð·Ð°Ð½Ð¾ 
CHECK â€” Ð·Ð°Ð´Ð°Ñ‘Ñ‚ ÐºÐ°ÑÑ‚Ð¾Ð¼Ð½Ñ‹Ðµ ÑƒÑÐ»Ð¾Ð²Ð¸Ñ, Ð½Ð°Ð¿Ñ€Ð¸Ð¼ÐµÑ€, `age > 0` 
FOREIGN KEY â€” Ð·Ð°Ð¿Ñ€ÐµÑ‰Ð°ÐµÑ‚ Ð´ÑƒÐ±Ð»Ð¸Ñ€ÑƒÑŽÑ‰Ð¸ÐµÑÑ Ð·Ð½Ð°Ñ‡ÐµÐ½Ð¸Ñ Ð² ÑÑ‚Ð¾Ð»Ð±Ñ†Ðµ",False
76,21,"ÐžÐ³Ñ€Ð°Ð½Ð¸Ñ‡ÐµÐ½Ð¸Ñ (constraints) â€” ÑÑ‚Ð¾ Ð¿Ñ€Ð°Ð²Ð¸Ð»Ð°, ÐºÐ¾Ñ‚Ð¾Ñ€Ñ‹Ðµ Ð¿Ð¾Ð¼Ð¾Ð³Ð°ÑŽÑ‚ Ð±Ð°Ð·Ðµ Ð´Ð°Ð½Ð½Ñ‹Ñ… Ð¿Ð¾Ð´Ð´ÐµÑ€Ð¶Ð¸Ð²Ð°Ñ‚ÑŒ Ð¿Ð¾Ñ€ÑÐ´Ð¾Ðº. ÐžÐ½Ð¸ ÑÐ»ÐµÐ´ÑÑ‚, Ñ‡Ñ‚Ð¾Ð±Ñ‹ Ð² Ñ‚Ð°Ð±Ð»Ð¸Ñ†Ñ‹ Ð½Ðµ Ð¿Ð¾Ð¿Ð°Ð´Ð°Ð»Ð¸ Ð½ÐµÐ¿Ñ€Ð°Ð²Ð¸Ð»ÑŒÐ½Ñ‹Ðµ Ð¸Ð»Ð¸ Ð¿Ñ€Ð¾Ñ‚Ð¸Ð²Ð¾Ñ€ÐµÑ‡Ð¸Ð²Ñ‹Ðµ Ð´Ð°Ð½Ð½Ñ‹Ðµ. 
ÐÐ¸Ð¶Ðµ ÑÐ°Ð¼Ñ‹Ðµ Ð¿Ð¾Ð¿ÑƒÐ»ÑÑ€Ð½Ñ‹Ðµ Ð¾Ð³Ñ€Ð°Ð½Ð¸Ñ‡ÐµÐ½Ð¸Ñ: 
PRIMARY KEY â€” Ð´ÐµÐ»Ð°ÐµÑ‚ ÑÑ‚Ð¾Ð»Ð±ÐµÑ† (Ð¸Ð»Ð¸ Ð³Ñ€ÑƒÐ¿Ð¿Ñƒ ÑÑ‚Ð¾Ð»Ð±Ñ†Ð¾Ð²) ÑƒÐ½Ð¸ÐºÐ°Ð»ÑŒÐ½Ñ‹Ð¼ Ð¸Ð´ÐµÐ½Ñ‚Ð¸Ñ„Ð¸ÐºÐ°Ñ‚Ð¾Ñ€Ð¾Ð¼ ÐºÐ°Ð¶Ð´Ð¾Ð¹ ÑÑ‚Ñ€Ð¾ÐºÐ¸ 
UNIQUE â€” Ð·Ð°Ð¿Ñ€ÐµÑ‰Ð°ÐµÑ‚ Ð´ÑƒÐ±Ð»Ð¸Ñ€ÑƒÑŽÑ‰Ð¸ÐµÑÑ Ð·Ð½Ð°Ñ‡ÐµÐ½Ð¸Ñ Ð² ÑÑ‚Ð¾Ð»Ð±Ñ†Ðµ 
NOT NULL â€” Ð½Ðµ Ð¿Ð¾Ð·Ð²Ð¾Ð»ÑÐµÑ‚ Ñ…Ñ€Ð°Ð½Ð¸Ñ‚ÑŒ Ð¿ÑƒÑÑ‚Ñ‹Ðµ (NULL) Ð·Ð½Ð°Ñ‡ÐµÐ½Ð¸Ñ 
DEFAULT â€” Ð¿Ñ€Ð¾Ð²ÐµÑ€ÑÐµÑ‚ Ñ‡Ñ‚Ð¾ Ð·Ð½Ð°Ñ‡ÐµÐ½Ð¸Ðµ ÑÐ¾Ð¾Ñ‚Ð²ÐµÑ‚ÑÑ‚Ð²ÑƒÐµÑ‚ Ñ‚Ð¸Ð¿Ñƒ Ð¿Ð¾ ÑƒÐ¼Ð¾Ð»Ñ‡Ð°Ð½Ð¸ÑŽ 
CHECK â€” Ð·Ð°Ð´Ð°Ñ‘Ñ‚ ÐºÐ°ÑÑ‚Ð¾Ð¼Ð½Ñ‹Ðµ ÑƒÑÐ»Ð¾Ð²Ð¸Ñ, Ð½Ð°Ð¿Ñ€Ð¸Ð¼ÐµÑ€, `age > 0` 
FOREIGN KEY â€” ÑÐ²ÑÐ·Ñ‹Ð²Ð°ÐµÑ‚ Ñ‚Ð°Ð±Ð»Ð¸Ñ†Ñ‹, Ñ‡Ñ‚Ð¾Ð±Ñ‹ Ð´Ð°Ð½Ð½Ñ‹Ðµ Ð½Ðµ Ñ‚ÐµÑ€ÑÐ»Ð¸ Ð»Ð¾Ð³Ð¸ÐºÑƒ",False
77,22,"SELECT DISTINCT â€“ ÑƒÐ´Ð°Ð»ÑÐµÑ‚ Ð´ÑƒÐ±Ð»Ð¸ÐºÐ°Ñ‚Ñ‹, Ð¸ Ð¾Ð¿Ñ‚Ð¸Ð¼Ð°Ð»ÑŒÐ½Ð¾ Ð´Ð»Ñ Ð±Ð¾Ð»ÑŒÑˆÐ¸Ñ… Ñ‚Ð°Ð±Ð»Ð¸Ñ†, Ñ‚Ð°Ðº ÐºÐ°Ðº Ð½Ðµ Ñ‚Ñ€ÐµÐ±ÑƒÐµÑ‚ Ð¿Ð¾Ð»Ð½Ð¾Ð¹ ÑÐ¾Ñ€Ñ‚Ð¸Ñ€Ð¾Ð²ÐºÐ¸ Ð´Ð°Ð½Ð½Ñ‹Ñ…",False
78,22,"GROUP BY â€“ Ð³Ñ€ÑƒÐ¿Ð¿Ð¸Ñ€ÑƒÐµÑ‚ Ð´Ð°Ð½Ð½Ñ‹Ðµ, Ð½Ð¾ Ð¾Ð¿Ñ‚Ð¸Ð¼Ð°Ð»ÑŒÐ½Ð¾ Ð´Ð»Ñ ÑƒÐ´Ð°Ð»ÐµÐ½Ð¸Ñ Ð´ÑƒÐ±Ð»Ð¸ÐºÐ°Ñ‚Ð¾Ð² Ð² Ð±Ð¾Ð»ÑŒÑˆÐ¸Ñ… Ñ‚Ð°Ð±Ð»Ð¸Ñ†Ð°Ñ…",False
79,22,"UNION (Ð±ÐµÐ· ALL) â€“ ÑƒÐ´Ð°Ð»ÑÐµÑ‚ Ð´ÑƒÐ±Ð»Ð¸ÐºÐ°Ñ‚Ñ‹ Ð¸ Ð¾Ð¿Ñ‚Ð¸Ð¼Ð°Ð»ÑŒÐ½Ð¾ Ð´Ð»Ñ Ð±Ð¾Ð»ÑŒÑˆÐ¸Ñ… Ñ‚Ð°Ð±Ð»Ð¸Ñ†, Ñ‚Ð°Ðº ÐºÐ°Ðº Ð½Ðµ Ñ‚Ñ€ÐµÐ±ÑƒÐµÑ‚ Ð¿Ð¾Ð»Ð½Ð¾Ð¹ ÑÐ¾Ñ€Ñ‚Ð¸Ñ€Ð¾Ð²ÐºÐ¸ Ð´Ð°Ð½Ð½Ñ‹Ñ…",False
80,22,"ROW_NUMBER() OVER (...) â€“ Ð´Ð°ÑÑ‚ Ð½ÑƒÐ¼ÐµÑ€Ð°Ñ†Ð¸ÑŽ Ð´ÑƒÐ±Ð»ÐµÐ¹. ÐžÐ¿Ñ‚Ð¸Ð¼Ð°Ð»ÑŒÐ½Ð¾ Ð´Ð»Ñ Ð±Ð¾Ð»ÑŒÑˆÐ¸Ñ… Ñ‚Ð°Ð±Ð»Ð¸Ñ†, Ñ‚Ð°Ðº ÐºÐ°Ðº Ð¾ÐºÐ¾Ð½Ð½Ñ‹Ðµ Ñ„ÑƒÐ½ÐºÑ†Ð¸Ð¸ Ð¿Ð¾Ð·Ð²Ð¾Ð»ÑÑŽÑ‚ Ð¸Ð·Ð±ÐµÐ¶Ð°Ñ‚ÑŒ Ð´Ð¾Ð¿Ð¾Ð»Ð½Ð¸Ñ‚ÐµÐ»ÑŒÐ½Ñ‹Ñ… Ð¾Ð¿ÐµÑ€Ð°Ñ†Ð¸Ð¹ Ð³Ñ€ÑƒÐ¿Ð¿Ð¸Ñ€Ð¾Ð²ÐºÐ¸ Ð¸ Ð¿Ð¾Ð´ÑÑ‡ÐµÑ‚Ð°",True
81,23,"Ð”Ð»Ñ ÑÑ‚Ð¾Ð³Ð¾ Ð½ÑƒÐ¶ÐµÐ½ FOREIGN KEY â€“ Ð¾Ð³Ñ€Ð°Ð½Ð¸Ñ‡ÐµÐ½Ð¸Ðµ, ÐºÐ¾Ñ‚Ð¾Ñ€Ð¾Ðµ ÑÐ²ÑÐ·Ñ‹Ð²Ð°ÐµÑ‚ Ð¾Ð´Ð½Ñƒ Ñ‚Ð°Ð±Ð»Ð¸Ñ†Ñƒ Ñ Ð´Ñ€ÑƒÐ³Ð¾Ð¹.
ÐšÐ°Ðº ÑÑ‚Ð¾ Ñ€Ð°Ð±Ð¾Ñ‚Ð°ÐµÑ‚?
- FOREIGN KEY Ð² Ñ‚Ð°Ð±Ð»Ð¸Ñ†Ðµ bookings ÑÑÑ‹Ð»Ð°ÐµÑ‚ÑÑ Ð½Ð° PRIMARY KEY Ð² flights.
- Ð•ÑÐ»Ð¸ Ð¿Ð¾Ð¿Ñ‹Ñ‚Ð°Ñ‚ÑŒÑÑ Ð²ÑÑ‚Ð°Ð²Ð¸Ñ‚ÑŒ Ð±Ñ€Ð¾Ð½Ð¸Ñ€Ð¾Ð²Ð°Ð½Ð¸Ðµ Ñ Ð½ÐµÑÑƒÑ‰ÐµÑÑ‚Ð²ÑƒÑŽÑ‰Ð¸Ð¼ flight_id, PostgreSQL Ð½Ðµ Ð¿Ð¾Ð·Ð²Ð¾Ð»Ð¸Ñ‚ ÑÑ‚Ð¾ ÑÐ´ÐµÐ»Ð°Ñ‚ÑŒ.
- Ð•ÑÐ»Ð¸ ÑƒÐ´Ð°Ð»Ð¸Ñ‚ÑŒ Ñ€ÐµÐ¹Ñ, Ñƒ ÐºÐ¾Ñ‚Ð¾Ñ€Ð¾Ð³Ð¾ ÐµÑÑ‚ÑŒ Ð±Ñ€Ð¾Ð½Ð¸Ñ€Ð¾Ð²Ð°Ð½Ð¸Ñ, Ð¼Ð¾Ð¶Ð½Ð¾ Ð½Ð°ÑÑ‚Ñ€Ð¾Ð¸Ñ‚ÑŒ, Ñ‡Ñ‚Ð¾ Ð´ÐµÐ»Ð°Ñ‚ÑŒ: Ð·Ð°Ð¿Ñ€ÐµÑ‚Ð¸Ñ‚ÑŒ (RESTRICT), ÑƒÐ´Ð°Ð»Ð¸Ñ‚ÑŒ (CASCADE) Ð¸Ð»Ð¸ Ð¾Ð±Ð½ÑƒÐ»Ð¸Ñ‚ÑŒ (SET NULL)",True
82,23,"Ð”Ð»Ñ ÑÑ‚Ð¾Ð³Ð¾ Ð½ÑƒÐ¶ÐµÐ½ UNIQUE KEY â€“ Ð¾Ð³Ñ€Ð°Ð½Ð¸Ñ‡ÐµÐ½Ð¸Ðµ, ÐºÐ¾Ñ‚Ð¾Ñ€Ð¾Ðµ Ð·Ð°Ð¿Ñ€ÐµÑ‰Ð°ÐµÑ‚ Ð´ÑƒÐ±Ð»Ð¸Ñ€Ð¾Ð²Ð°Ð½Ð¸Ðµ Ð·Ð½Ð°Ñ‡ÐµÐ½Ð¸Ð¹ Ð² ÑÑ‚Ð¾Ð»Ð±Ñ†Ðµ. Ð­Ñ‚Ð¾ Ð¿Ð¾Ð¼Ð¾Ð¶ÐµÑ‚ Ð¸Ð·Ð±ÐµÐ¶Ð°Ñ‚ÑŒ Ð´ÑƒÐ±Ð»Ð¸Ñ€Ð¾Ð²Ð°Ð½Ð¸Ñ Ð±Ñ€Ð¾Ð½Ð¸Ñ€Ð¾Ð²Ð°Ð½Ð¸Ð¹, Ð¸ Ð¿Ñ€ÐµÐ´Ð¾Ñ‚Ð²Ñ€Ð°Ñ‚Ð¸Ñ‚ Ð±Ñ€Ð¾Ð½Ð¸Ñ€Ð¾Ð²Ð°Ð½Ð¸Ñ Ð½Ð° Ð½ÐµÑÑƒÑ‰ÐµÑÑ‚Ð²ÑƒÑŽÑ‰Ð¸Ðµ Ñ€ÐµÐ¹ÑÑ‹. UNIQUE KEY Ð¾Ð±ÐµÑÐ¿ÐµÑ‡Ð¸Ð²Ð°ÐµÑ‚ ÑƒÐ½Ð¸ÐºÐ°Ð»ÑŒÐ½Ð¾ÑÑ‚ÑŒ Ð·Ð½Ð°Ñ‡ÐµÐ½Ð¸Ð¹ Ð² ÑÑ‚Ð¾Ð»Ð±Ñ†Ðµ, Ð¸ ÑÐ²ÑÐ¶ÐµÑ‚ Ñ‚Ð°Ð±Ð»Ð¸Ñ†Ñ‹.",False
83,23,"Ð”Ð»Ñ ÑÑ‚Ð¾Ð³Ð¾ Ð½ÑƒÐ¶ÐµÐ½ CHECK â€“ Ð¾Ð³Ñ€Ð°Ð½Ð¸Ñ‡ÐµÐ½Ð¸Ðµ, ÐºÐ¾Ñ‚Ð¾Ñ€Ð¾Ðµ Ð¿Ñ€Ð¾Ð²ÐµÑ€ÑÐµÑ‚ Ð²Ñ‹Ð¿Ð¾Ð»Ð½ÐµÐ½Ð¸Ðµ ÑƒÑÐ»Ð¾Ð²Ð¸Ñ Ð¿ÐµÑ€ÐµÐ´ Ð²ÑÑ‚Ð°Ð²ÐºÐ¾Ð¹ Ð´Ð°Ð½Ð½Ñ‹Ñ…. CHECK Ð¼Ð¾Ð¶ÐµÑ‚ Ð¸ÑÐ¿Ð¾Ð»ÑŒÐ·Ð¾Ð²Ð°Ñ‚ÑŒÑÑ Ð´Ð»Ñ Ð¿Ñ€Ð¾Ð²ÐµÑ€ÐºÐ¸ ÑƒÑÐ»Ð¾Ð²Ð¸Ð¹ Ð²Ð½ÑƒÑ‚Ñ€Ð¸ Ð¾Ð´Ð½Ð¾Ð¹ Ð¸ Ð´Ñ€ÑƒÐ³Ð¾Ð¹ Ñ‚Ð°Ð±Ð»Ð¸Ñ†Ñ‹ Ð¸ Ð´Ð»Ñ ÑÐ²ÑÐ·Ð¸ Ð¼ÐµÐ¶Ð´Ñƒ Ñ‚Ð°Ð±Ð»Ð¸Ñ†Ð°Ð¼Ð¸. ÐÐ°Ð¿Ñ€Ð¸Ð¼ÐµÑ€, Ð¼Ð¾Ð¶Ð½Ð¾ Ð¿Ñ€Ð¾Ð²ÐµÑ€Ð¸Ñ‚ÑŒ, Ñ‡Ñ‚Ð¾ Ð·Ð½Ð°Ñ‡ÐµÐ½Ð¸Ðµ ÑÑ‚Ð¾Ð»Ð±Ñ†Ð° Ð±Ð¾Ð»ÑŒÑˆÐµ Ð½ÑƒÐ»Ñ Ð¸ Ð¼Ð¾Ð¶Ð½Ð¾ Ð¿Ñ€Ð¾Ð²ÐµÑ€Ð¸Ñ‚ÑŒ ÑÑƒÑ‰ÐµÑÑ‚Ð²Ð¾Ð²Ð°Ð½Ð¸Ðµ Ñ€ÐµÐ¹ÑÐ° Ð² Ð´Ñ€ÑƒÐ³Ð¾Ð¹ Ñ‚Ð°Ð±Ð»Ð¸Ñ†Ðµ.",False
84,23,"Ð”Ð»Ñ ÑÑ‚Ð¾Ð³Ð¾ Ð½ÑƒÐ¶ÐµÐ½ PRIMARY KEY â€“ Ð¾Ð³Ñ€Ð°Ð½Ð¸Ñ‡ÐµÐ½Ð¸Ðµ, ÐºÐ¾Ñ‚Ð¾Ñ€Ð¾Ðµ Ð´ÐµÐ»Ð°ÐµÑ‚ ÑÑ‚Ð¾Ð»Ð±ÐµÑ† ÑƒÐ½Ð¸ÐºÐ°Ð»ÑŒÐ½Ñ‹Ð¼ Ð¸Ð´ÐµÐ½Ñ‚Ð¸Ñ„Ð¸ÐºÐ°Ñ‚Ð¾Ñ€Ð¾Ð¼ ÐºÐ°Ð¶Ð´Ð¾Ð¹ ÑÑ‚Ñ€Ð¾ÐºÐ¸. PRIMARY KEY Ð¾Ð±ÐµÑÐ¿ÐµÑ‡Ð¸Ð²Ð°ÐµÑ‚ ÑƒÐ½Ð¸ÐºÐ°Ð»ÑŒÐ½Ð¾ÑÑ‚ÑŒ Ð¸ Ñ†ÐµÐ»Ð¾ÑÑ‚Ð½Ð¾ÑÑ‚ÑŒ Ð´Ð°Ð½Ð½Ñ‹Ñ… Ð² Ð¾Ð´Ð½Ð¾Ð¹ Ð¸ Ð´Ñ€ÑƒÐ³Ð¾Ð¹ Ñ‚Ð°Ð±Ð»Ð¸Ñ†Ðµ Ð¸ ÑÐ²ÑÐ·Ñ‹Ð²Ð°ÐµÑ‚ Ñ‚Ð°Ð±Ð»Ð¸Ñ†Ñ‹ Ð¼ÐµÐ¶Ð´Ñƒ ÑÐ¾Ð±Ð¾Ð¹. ÐžÐ½ Ð¿Ñ€ÐµÐ´Ð¾Ñ‚Ð²Ñ€Ð°Ñ‚Ð¸Ñ‚ Ð±Ñ€Ð¾Ð½Ð¸Ñ€Ð¾Ð²Ð°Ð½Ð¸Ñ Ð½Ð° Ð½ÐµÑÑƒÑ‰ÐµÑÑ‚Ð²ÑƒÑŽÑ‰Ð¸Ðµ Ñ€ÐµÐ¹ÑÑ‹.",False
85,24,"0, Ð¿Ð¾Ñ‚Ð¾Ð¼Ñƒ Ñ‡Ñ‚Ð¾ Ð¾Ð¿ÐµÑ€Ð°Ñ‚Ð¾Ñ€ LIKE 'Data' Ð¸Ñ‰ÐµÑ‚ Ñ‚Ð¾Ñ‡Ð½Ð¾Ðµ ÑÐ¾Ð²Ð¿Ð°Ð´ÐµÐ½Ð¸Ðµ ÑÑ‚Ñ€Ð¾ÐºÐ¸ Ñ Data, Ð° Ð½Ðµ Ð¿Ð¾Ð´ÑÑ‚Ñ€Ð¾ÐºÑƒ",True
86,24,"1, Ð¿Ð¾Ñ‚Ð¾Ð¼Ñƒ Ñ‡Ñ‚Ð¾ Ð¾Ð¿ÐµÑ€Ð°Ñ‚Ð¾Ñ€ LIKE 'Data' Ð½Ð°Ð¹Ð´Ñ‘Ñ‚ Ñ‚Ð¾Ð»ÑŒÐºÐ¾ Ð¾Ð´Ð½Ñƒ ÑÑ‚Ñ€Ð¾ÐºÑƒ, Ð·Ð°ÐºÐ°Ð½Ñ‡Ð¸Ð²Ð°ÑŽÑ‰ÑƒÑŽÑÑ Ð½Ð° Data",False
87,24,"3, Ð¿Ð¾Ñ‚Ð¾Ð¼Ñƒ Ñ‡Ñ‚Ð¾ Ð¾Ð¿ÐµÑ€Ð°Ñ‚Ð¾Ñ€ LIKE 'Data' Ð½Ð°Ð¹Ð´Ñ‘Ñ‚ ÑÑ‚Ñ€Ð¾ÐºÐ¸, Ð½Ð°Ñ‡Ð¸Ð½Ð°ÑŽÑ‰Ð¸ÐµÑÑ Ð½Ð° Data",False
88,24,"5, Ð¿Ð¾Ñ‚Ð¾Ð¼Ñƒ Ñ‡Ñ‚Ð¾ Ð¾Ð¿ÐµÑ€Ð°Ñ‚Ð¾Ñ€ LIKE 'Data' Ð½Ð°Ð¹Ð´Ñ‘Ñ‚ Ð²ÑÐµ ÑÑ‚Ñ€Ð¾ÐºÐ¸, ÑÐ¾Ð´ÐµÑ€Ð¶Ð°Ñ‰Ð¸Ðµ Ð¿Ð¾Ð´ÑÑ‚Ñ€Ð¾ÐºÑƒ Data",False
89,25,"Ð”Ð»Ñ ÑÑ‚Ð¾Ð³Ð¾ Ð½ÑƒÐ¶ÐµÐ½ Ð¿ÐµÑ€Ð²Ð¸Ñ‡Ð½Ñ‹Ð¹ ÐºÐ»ÑŽÑ‡ (PRIMARY KEY) â€“ ÑƒÐ½Ð¸ÐºÐ°Ð»ÑŒÐ½Ñ‹Ð¹ Ð¸Ð´ÐµÐ½Ñ‚Ð¸Ñ„Ð¸ÐºÐ°Ñ‚Ð¾Ñ€ Ð·Ð°Ð¿Ð¸ÑÐ¸.
ÐšÐ°Ðº ÑÑ‚Ð¾ Ñ€Ð°Ð±Ð¾Ñ‚Ð°ÐµÑ‚?
- PRIMARY KEY â€“ ÑÑ‚Ð¾ ÑÑ‚Ð¾Ð»Ð±ÐµÑ† (Ð¸Ð»Ð¸ Ð½ÐµÑÐºÐ¾Ð»ÑŒÐºÐ¾), ÐºÐ¾Ñ‚Ð¾Ñ€Ñ‹Ð¹ Ð³Ð°Ñ€Ð°Ð½Ñ‚Ð¸Ñ€Ð¾Ð²Ð°Ð½Ð½Ð¾ ÑƒÐ½Ð¸ÐºÐ°Ð»ÐµÐ½.
- Ð’ ÐºÐ°Ð¶Ð´Ð¾Ð¹ Ñ‚Ð°Ð±Ð»Ð¸Ñ†Ðµ Ð¼Ð¾Ð¶ÐµÑ‚ Ð±Ñ‹Ñ‚ÑŒ Ñ‚Ð¾Ð»ÑŒÐºÐ¾ Ð¾Ð´Ð¸Ð½ Ð¿ÐµÑ€Ð²Ð¸Ñ‡Ð½Ñ‹Ð¹ ÐºÐ»ÑŽÑ‡.
- Ð•ÑÐ»Ð¸ ÐµÑÑ‚ÑŒ Ð½ÐµÑÐºÐ¾Ð»ÑŒÐºÐ¾ ÐºÐ°Ð½Ð´Ð¸Ð´Ð°Ñ‚Ð¾Ð² Ð½Ð° ÐºÐ»ÑŽÑ‡, Ð²Ñ‹Ð±Ð¸Ñ€Ð°ÐµÐ¼ Ð½Ð°Ð¸Ð±Ð¾Ð»ÐµÐµ ÑƒÐ´Ð¾Ð±Ð½Ñ‹Ð¹ (ÐºÐ¾Ñ€Ð¾Ñ‚ÐºÐ¸Ð¹, Ð½ÐµÐ¸Ð·Ð¼ÐµÐ½ÑÐµÐ¼Ñ‹Ð¹)",True
90,25,"Ð”Ð»Ñ ÑÑ‚Ð¾Ð³Ð¾ Ð½ÑƒÐ¶ÐµÐ½ ÑƒÐ½Ð¸ÐºÐ°Ð»ÑŒÐ½Ñ‹Ð¹ ÐºÐ»ÑŽÑ‡ (UNIQUE KEY) â€“ Ð¾Ð½ Ð¾Ð±ÐµÑÐ¿ÐµÑ‡Ð¸Ð²Ð°ÐµÑ‚ ÑƒÐ½Ð¸ÐºÐ°Ð»ÑŒÐ½Ð¾ÑÑ‚ÑŒ Ð·Ð½Ð°Ñ‡ÐµÐ½Ð¸Ð¹ Ð² ÑÑ‚Ð¾Ð»Ð±Ñ†Ðµ Ð¸ Ð³Ð°Ñ€Ð°Ð½Ñ‚Ð¸Ñ€ÑƒÐµÑ‚, Ñ‡Ñ‚Ð¾ ÑÑ‚Ð¾Ð»Ð±ÐµÑ† Ð±ÑƒÐ´ÐµÑ‚ Ð¸ÑÐ¿Ð¾Ð»ÑŒÐ·Ð¾Ð²Ð°Ñ‚ÑŒÑÑ ÐºÐ°Ðº Ð¸Ð´ÐµÐ½Ñ‚Ð¸Ñ„Ð¸ÐºÐ°Ñ‚Ð¾Ñ€ Ð·Ð°Ð¿Ð¸ÑÐ¸. UNIQUE KEY Ð¼Ð¾Ð¶ÐµÑ‚ Ð±Ñ‹Ñ‚ÑŒ Ð½ÐµÑÐºÐ¾Ð»ÑŒÐºÐ¾ Ð² Ð¾Ð´Ð½Ð¾Ð¹ Ñ‚Ð°Ð±Ð»Ð¸Ñ†Ðµ",False
91,25,Ð”Ð»Ñ ÑÑ‚Ð¾Ð³Ð¾ Ð½ÑƒÐ¶ÐµÐ½ Ð²Ð½ÐµÑˆÐ½Ð¸Ð¹ ÐºÐ»ÑŽÑ‡ (FOREIGN KEY) â€“ Ð¾Ð½ ÑÐ²ÑÐ·Ñ‹Ð²Ð°ÐµÑ‚ Ð¾Ð´Ð½Ñƒ Ñ‚Ð°Ð±Ð»Ð¸Ñ†Ñƒ Ñ Ð´Ñ€ÑƒÐ³Ð¾Ð¹ Ð¸ Ð¾Ð±ÐµÑÐ¿ÐµÑ‡Ð¸Ð²Ð°ÐµÑ‚ ÑƒÐ½Ð¸ÐºÐ°Ð»ÑŒÐ½Ð¾ÑÑ‚ÑŒ Ð·Ð½Ð°Ñ‡ÐµÐ½Ð¸Ð¹ Ð² ÑÑ‚Ð¾Ð»Ð±Ñ†Ðµ. FOREIGN KEY Ð¸ÑÐ¿Ð¾Ð»ÑŒÐ·ÑƒÐµÑ‚ÑÑ Ð´Ð»Ñ Ð¿Ð¾Ð´Ð´ÐµÑ€Ð¶Ð°Ð½Ð¸Ñ ÑÑÑ‹Ð»Ð¾Ñ‡Ð½Ð¾Ð¹ Ñ†ÐµÐ»Ð¾ÑÑ‚Ð½Ð¾ÑÑ‚Ð¸ Ð¼ÐµÐ¶Ð´Ñƒ Ñ‚Ð°Ð±Ð»Ð¸Ñ†Ð°Ð¼Ð¸ Ð¸ Ñ€Ð°ÑˆÐ°ÐµÑ‚ Ð¿Ð¾ÑÑ‚Ð°Ð²Ð»ÐµÐ½Ð½ÑƒÑŽ Ð·Ð°Ð´Ð°Ñ‡Ñƒ,False
92,25,Ð”Ð»Ñ ÑÑ‚Ð¾Ð³Ð¾ Ð½ÑƒÐ¶ÐµÐ½ Ð¸Ð½Ð´ÐµÐºÑ (INDEX) â€“ Ð¾Ð½ ÑƒÑÐºÐ¾Ñ€ÑÐµÑ‚ Ð¿Ð¾Ð¸ÑÐº Ð´Ð°Ð½Ð½Ñ‹Ñ… Ð² Ñ‚Ð°Ð±Ð»Ð¸Ñ†Ðµ Ð¸ Ð¾Ð±ÐµÑÐ¿ÐµÑ‡Ð¸Ð²Ð°ÐµÑ‚ ÑƒÐ½Ð¸ÐºÐ°Ð»ÑŒÐ½Ð¾ÑÑ‚ÑŒ Ð·Ð½Ð°Ñ‡ÐµÐ½Ð¸Ð¹ Ð² ÑÑ‚Ð¾Ð»Ð±Ñ†Ðµ. INDEX Ð¼Ð¾Ð¶ÐµÑ‚ Ð±Ñ‹Ñ‚ÑŒ ÑÐ¾Ð·Ð´Ð°Ð½ Ð½Ð° Ð»ÑŽÐ±Ð¾Ð¼ ÑÑ‚Ð¾Ð»Ð±Ñ†Ðµ Ð¸Ð»Ð¸ Ð³Ñ€ÑƒÐ¿Ð¿Ðµ ÑÑ‚Ð¾Ð»Ð±Ñ†Ð¾Ð²,False
93,26,"SELECT *, 
       SUM(question_count) OVER (ORDER BY topic_id , difficulty_level) AS question_total
  FROM report_questions;",True
94,26,"SELECTÂ *,Â 
Â Â Â Â Â Â Â SUM(question_count)Â OVERÂ (ORDERÂ BYÂ topic_id)Â ASÂ question_total
Â Â FROMÂ report_questions",False
95,26,"SELECTÂ *,Â 
Â Â Â Â Â Â Â SUM(question_count)Â OVERÂ (ORDERÂ BYÂ difficulty_level)Â ASÂ question_total
Â Â FROMÂ report_questions",False
96,26,"SELECTÂ *,Â 
Â Â Â Â Â Â Â SUM(question_count)Â OVERÂ (PARTITIONÂ BYÂ topic_idÂ ORDERÂ BYÂ topic_id,Â difficulty_level)Â ASÂ question_total
Â Â FROMÂ report_questions",False
97,27,"Ð”Ð°, LEFT JOIN Ð²ÑÐµÐ³Ð´Ð° Ð±ÐµÑ€Ñ‘Ñ‚ Ð²ÑÐµ ÑÑ‚Ñ€Ð¾ÐºÐ¸ Ð¸Ð· Ð»ÐµÐ²Ð¾Ð¹ Ñ‚Ð°Ð±Ð»Ð¸Ñ†Ñ‹ (A) Ð¸ Ð´Ð¾Ð±Ð°Ð²Ð»ÑÐµÑ‚ Ðº Ð½Ð¸Ð¼ ÑÐ¾Ð²Ð¿Ð°Ð´Ð°ÑŽÑ‰Ð¸Ðµ ÑÑ‚Ñ€Ð¾ÐºÐ¸ Ð¸Ð· Ð¿Ñ€Ð°Ð²Ð¾Ð¹ Ñ‚Ð°Ð±Ð»Ð¸Ñ†Ñ‹ (B). Ð•ÑÐ»Ð¸ ÑÐ¾Ð²Ð¿Ð°Ð´ÐµÐ½Ð¸Ð¹ Ð½ÐµÑ‚, Ð² ÑÑ‚Ð¾Ð»Ð±Ñ†Ð°Ñ… Ð¸Ð· B Ð±ÑƒÐ´ÑƒÑ‚ `NULL`. Ð•ÑÐ»Ð¸ Ð¿Ð¾Ð¼ÐµÐ½ÑÑ‚ÑŒ Ð¼ÐµÑÑ‚Ð°Ð¼Ð¸ A Ð¸ B, Ñ‚Ð¾ Ñ‚ÐµÐ¿ÐµÑ€ÑŒ ÑƒÐ¶Ðµ Ð´Ñ€ÑƒÐ³Ð°Ñ Ñ‚Ð°Ð±Ð»Ð¸Ñ†Ð° Ð±ÑƒÐ´ÐµÑ‚ ""Ð»ÐµÐ²Ð¾Ð¹"", Ð° `NULL` Ð¿Ð¾ÑÐ²ÑÑ‚ÑÑ Ñ‚Ð°Ð¼, Ð³Ð´Ðµ Ñ€Ð°Ð½ÑŒÑˆÐµ Ð±Ñ‹Ð»Ð¸ Ð´Ð°Ð½Ð½Ñ‹Ðµ",True
98,27,"ÐÐµÑ‚, Ñ€ÐµÐ·ÑƒÐ»ÑŒÑ‚Ð°Ñ‚ Ð¾ÑÑ‚Ð°Ð½ÐµÑ‚ÑÑ Ñ‚ÐµÐ¼ Ð¶Ðµ, Ñ‚Ð°Ðº ÐºÐ°Ðº LEFT JOIN Ð²ÑÐµÐ³Ð´Ð° Ð²Ð¾Ð·Ð²Ñ€Ð°Ñ‰Ð°ÐµÑ‚ Ð²ÑÐµ ÑÑ‚Ñ€Ð¾ÐºÐ¸ Ð¸Ð· Ð¾Ð±ÐµÐ¸Ñ… Ñ‚Ð°Ð±Ð»Ð¸Ñ†. LEFT JOIN Ð²Ð¾Ð·Ð²Ñ€Ð°Ñ‰Ð°ÐµÑ‚ Ð²ÑÐµ ÑÑ‚Ñ€Ð¾ÐºÐ¸ Ð»ÐµÐ²Ð¾Ð¹ Ñ‚Ð°Ð±Ð»Ð¸Ñ†Ñ‹ Ð¸ ÑÐ¾Ð²Ð¿Ð°Ð´Ð°ÑŽÑ‰Ð¸Ðµ ÑÑ‚Ñ€Ð¾ÐºÐ¸ Ð¸Ð· Ð¿Ñ€Ð°Ð²Ð¾Ð¹ Ñ‚Ð°Ð±Ð»Ð¸Ñ†Ñ‹, Ð° Ñ‚Ð°ÐºÐ¶Ðµ Ð²Ñ‹Ð²Ð¾Ð´Ð¸Ñ‚ Ñ‚Ðµ Ð¿Ð¾ ÐºÐ¾Ñ‚Ð¾Ñ€Ñ‹Ð¼ Ð½Ðµ Ð±Ñ‹Ð»Ð¾ ÑÐ¾Ð²Ð¿Ð°Ð´ÐµÐ½Ð¸Ñ ÑÐ½Ð°Ñ‡Ð°Ð»Ð° Ð¸Ð· Ð»ÐµÐ²Ð¾Ð¹, Ð° Ð¿Ð¾Ñ‚Ð¾Ð¼ Ð¸Ð· Ð¿Ñ€Ð°Ð²Ð¾Ð¹. Ð¢Ð¾Ð»ÑŒÐºÐ¾ Ð¿Ð¾Ñ€ÑÐ´Ð¾Ðº ÑÑ‚Ñ€Ð¾Ðº Ð¿Ð¾Ð¼ÐµÐ½ÑÐµÑ‚ÑÑ",False
99,27,"Ð”Ð°, Ð½Ð¾ Ñ‚Ð¾Ð»ÑŒÐºÐ¾ ÐµÑÐ»Ð¸ Ð² Ñ‚Ð°Ð±Ð»Ð¸Ñ†Ð°Ñ… A Ð¸ B ÐµÑÑ‚ÑŒ Ð¾Ð´Ð¸Ð½Ð°ÐºÐ¾Ð²Ñ‹Ðµ ÑÑ‚Ð¾Ð»Ð±Ñ†Ñ‹. ÐŸÐ¾Ñ€ÑÐ´Ð¾Ðº Ñ‚Ð°Ð±Ð»Ð¸Ñ† Ð² LEFT JOIN Ð²ÑÐµÐ³Ð´Ð° Ð¸Ð¼ÐµÐµÑ‚ Ð·Ð½Ð°Ñ‡ÐµÐ½Ð¸Ðµ, Ð° Ð¿Ñ€Ð¸ Ð½Ð°Ð»Ð¸Ñ‡Ð¸Ð¸ Ð½Ð°Ð»Ð¸Ñ‡Ð¸Ñ Ð¾Ð´Ð¸Ð½Ð°ÐºÐ¾Ð²Ñ‹Ñ… ÑÑ‚Ð¾Ð»Ð±Ñ†Ð¾Ð² Ð¿Ð¾ ÐºÐ¾Ñ‚Ð¾Ñ€Ñ‹Ð¼ Ð¿Ñ€Ð¾Ð¸ÑÑ…Ð¾Ð´Ð¸Ñ‚ ÑÑ€Ð°Ð²Ð½ÐµÐ½Ð¸Ðµ Ð² ÑƒÑÐ»Ð¾Ð²Ð¸Ð¸ Ð¿Ð¾ÑÐ»Ðµ ON. ÐŸÐ¾Ð»ÑƒÑ‡Ð°ÐµÑ‚ÑÑ Ð² Ð¾Ð´Ð½Ð¾Ð¼ ÑÐ»ÑƒÑ‡Ð°Ðµ ÑÐ¿Ñ€Ð°Ð²Ð° Ð¾Ñ‚Ñ€Ð°Ð·Ð¸Ñ‚ÑÑ ÑÑ‚Ð¾Ð»Ð±ÐµÑ† Ð¿Ñ€Ð°Ð²Ð¾Ð¹ Ñ‚Ð°Ð±Ð»Ð¸Ñ†Ñ‹, Ð° Ð¿Ð¾ÑÐ»Ðµ Ð¿ÐµÑ€ÐµÑÑ‚Ð°Ð½Ð¾Ð²ÐºÐ¸ ÑÑ‚Ð¾Ð»Ð±ÐµÑ† Ð»ÐµÐ²Ð¾Ð¹. Ð Ñ‚Ð°Ðº ÐºÐ°Ðº Ð·Ð°Ð´Ð°Ð½Ð¾, Ñ‡Ñ‚Ð¾ Ñ‚Ð°Ð±Ð»Ð¸Ñ†Ñ‹ Ñ€Ð°Ð·Ð½Ñ‹Ðµ, Ñ‚Ð¾ Ñ€ÐµÐ·ÑƒÐ»ÑŒÑ‚Ð°Ñ‚ Ð¸Ð·Ð¼ÐµÐ½Ð¸Ñ‚ÑÑ",False
100,27,"ÐÐµÑ‚, Ñ€ÐµÐ·ÑƒÐ»ÑŒÑ‚Ð°Ñ‚ Ð¾ÑÑ‚Ð°Ð½ÐµÑ‚ÑÑ Ñ‚ÐµÐ¼ Ð¶Ðµ, Ñ‚Ð°Ðº ÐºÐ°Ðº Ð¿Ð¾Ñ€ÑÐ´Ð¾Ðº Ñ‚Ð°Ð±Ð»Ð¸Ñ† Ð² LEFT JOIN Ð½Ðµ Ð¸Ð¼ÐµÐµÑ‚ Ð·Ð½Ð°Ñ‡ÐµÐ½Ð¸Ñ. ÐŸÐ¾Ñ€ÑÐ´Ð¾Ðº Ñ‚Ð°Ð±Ð»Ð¸Ñ† Ð² LEFT JOIN Ð¾Ð¿Ñ€ÐµÐ´ÐµÐ»ÑÐµÑ‚, ÐºÐ°ÐºÐ¸Ðµ ÑÑ‚Ñ€Ð¾ÐºÐ¸ Ð±ÑƒÐ´ÑƒÑ‚ Ð²Ð¾Ð·Ð²Ñ€Ð°Ñ‰ÐµÐ½Ñ‹ Ð¸Ð· Ð»ÐµÐ²Ð¾Ð¹ Ñ‚Ð°Ð±Ð»Ð¸Ñ†Ñ‹ Ð¸ ÐºÐ°ÐºÐ¸Ðµ ÑÑ‚Ñ€Ð¾ÐºÐ¸ Ð±ÑƒÐ´ÑƒÑ‚ Ð´Ð¾Ð¿Ð¾Ð»Ð½ÐµÐ½Ñ‹ Ð¸Ð· Ð¿Ñ€Ð°Ð²Ð¾Ð¹ Ñ‚Ð°Ð±Ð»Ð¸Ñ†Ñ‹. ÐŸÐ¾ÑÑ‚Ð¾Ð¼Ñƒ Ð¿Ð¾ÑÐ»Ðµ Ð¿ÐµÑ€ÐµÑÑ‚Ð°Ð½Ð¾Ð²ÐºÐ¸ Ð¿Ñ€Ð¾ÑÑ‚Ð¾ Ð¿Ð¾Ð¼ÐµÐ½ÑÐµÑ‚ÑÑ Ð¿Ð¾Ñ€ÑÐ´Ð¾Ðº ÑÑ‚Ð¾Ð»Ð±Ñ†Ð¾Ð², Ð½Ð¾ ÑÑ‚Ð¾ Ð½Ðµ ÑÑ‡Ð¸Ñ‚Ð°ÐµÑ‚ÑÑ Ð¸Ð·Ð¼ÐµÐ½ÐµÐ½Ð¸ÐµÐ¼ Ñ‚Ð°Ðº ÐºÐ°Ðº Ð´Ð°Ð½Ð½Ñ‹Ðµ Ð² ÑÑ‚Ñ€Ð¾ÐºÐ°Ñ… Ð½Ðµ Ð¸Ð·Ð¼ÐµÐ½ÑÑ‚ÑÑ",False
101,28,"ÐÐµÑ‚, Ñ€ÐµÐ·ÑƒÐ»ÑŒÑ‚Ð°Ñ‚ Ð¾ÑÑ‚Ð°Ð½ÐµÑ‚ÑÑ Ñ‚ÐµÐ¼ Ð¶Ðµ, Ñ‚Ð°Ðº ÐºÐ°Ðº INNER JOIN Ð²Ð¾Ð·Ð²Ñ€Ð°Ñ‰Ð°ÐµÑ‚ Ñ‚Ð¾Ð»ÑŒÐºÐ¾ Ñ‚Ðµ ÑÑ‚Ñ€Ð¾ÐºÐ¸, ÐºÐ¾Ñ‚Ð¾Ñ€Ñ‹Ðµ Ð¸Ð¼ÐµÑŽÑ‚ ÑÐ¾Ð²Ð¿Ð°Ð´ÐµÐ½Ð¸Ñ Ð² Ð¾Ð±ÐµÐ¸Ñ… Ñ‚Ð°Ð±Ð»Ð¸Ñ†Ð°Ñ…. ÐŸÐ¾Ñ€ÑÐ´Ð¾Ðº Ñ‚Ð°Ð±Ð»Ð¸Ñ† Ð² INNER JOIN Ð½Ðµ Ð²Ð»Ð¸ÑÐµÑ‚ Ð½Ð° Ñ€ÐµÐ·ÑƒÐ»ÑŒÑ‚Ð°Ñ‚, Ñ‚Ð°Ðº ÐºÐ°Ðº Ð¾Ð½ Ð¿Ñ€Ð¾ÑÑ‚Ð¾ Ð¾Ð±ÑŠÐµÐ´Ð¸Ð½ÑÐµÑ‚ ÑÑ‚Ñ€Ð¾ÐºÐ¸, ÑƒÐ´Ð¾Ð²Ð»ÐµÑ‚Ð²Ð¾Ñ€ÑÑŽÑ‰Ð¸Ðµ ÑƒÑÐ»Ð¾Ð²Ð¸ÑŽ ÑÐ¾ÐµÐ´Ð¸Ð½ÐµÐ½Ð¸Ñ",True
102,28,"Ð”Ð°, Ñ€ÐµÐ·ÑƒÐ»ÑŒÑ‚Ð°Ñ‚ Ð¸Ð·Ð¼ÐµÐ½Ð¸Ñ‚ÑÑ, Ñ‚Ð°Ðº ÐºÐ°Ðº Ð¿Ð¾Ñ€ÑÐ´Ð¾Ðº Ñ‚Ð°Ð±Ð»Ð¸Ñ† Ð² INNER JOIN Ð¾Ð¿Ñ€ÐµÐ´ÐµÐ»ÑÐµÑ‚, ÐºÐ°ÐºÐ¸Ðµ ÑÑ‚Ñ€Ð¾ÐºÐ¸ Ð±ÑƒÐ´ÑƒÑ‚ Ð²Ð¾Ð·Ð²Ñ€Ð°Ñ‰ÐµÐ½Ñ‹ Ð¸Ð· Ð¿Ñ€Ð°Ð²Ð¾Ð¹ Ñ‚Ð°Ð±Ð»Ð¸Ñ†Ñ‹ ÑÐ½Ð°Ñ‡Ð°Ð»Ð° Ð¸ ÐºÐ°ÐºÐ¸Ðµ ÑÑ‚Ñ€Ð¾ÐºÐ¸ Ð±ÑƒÐ´ÑƒÑ‚ Ð´Ð¾Ð¿Ð¾Ð»Ð½ÐµÐ½Ñ‹ Ð¸Ð· Ð»ÐµÐ²Ð¾Ð¹ Ñ‚Ð°Ð±Ð»Ð¸Ñ†Ñ‹. ÐŸÐ¾ÑÑ‚Ð¾Ð¼Ñƒ INNER JOIN Ð²Ð¾Ð·Ð²Ñ€Ð°Ñ‰Ð°ÐµÑ‚ ÑÐ½Ð°Ñ‡Ð°Ð»Ð° Ð·Ð½Ð°Ñ‡ÐµÐ½Ð¸Ñ Ð¸Ð· Ð¿Ñ€Ð°Ð²Ð¾Ð¹ Ñ‚Ð°Ð±Ð»Ð¸Ñ†Ñ‹ Ð¸ Ð¿Ð¾Ñ‚Ð¾Ð¼ Ð´Ð¾Ð¿Ð¾Ð»Ð½ÑÐµÑ‚ Ð¸Ñ… ÑÐ¿Ñ€Ð°Ð²Ð° ÑÐ¾Ð¾Ñ‚Ð²ÐµÑ‚ÑÑ‚Ð²ÑƒÑŽÑ‰Ð¸Ð¼Ð¸ Ð·Ð½Ð°Ñ‡ÐµÐ½Ð¸ÑÐ¼Ð¸ Ð¸Ð· Ð»ÐµÐ²Ð¾Ð¹ Ñ‚Ð°Ð±Ð»Ð¸Ñ†Ñ‹. Ð¢Ð°Ð¼ Ð³Ð´Ðµ ÑÐ¾Ð¾Ñ‚Ð²ÐµÑ‚ÑÐ²Ð¸Ð¹ Ð½ÐµÑ‚ ÑÑ‚Ð°Ð²Ð¸Ñ‚ÑÑ NULL. ÐŸÐ¾ÑÑ‚Ð¾Ð¼Ñƒ Ð¿Ñ€Ð¸ ÑÐ¼ÐµÐ½Ðµ Ð¿Ð¾Ñ€ÑÐ´ÐºÐ° Ñ€ÐµÐ·ÑƒÐ»ÑŒÑ‚Ð°Ñ‚ Ð¸Ð·Ð¼ÐµÐ½Ð¸Ñ‚ÑÑ",False
103,28,"ÐÐµÑ‚, Ñ€ÐµÐ·ÑƒÐ»ÑŒÑ‚Ð°Ñ‚ Ð¾ÑÑ‚Ð°Ð½ÐµÑ‚ÑÑ Ñ‚ÐµÐ¼ Ð¶Ðµ, Ñ‚Ð°Ðº ÐºÐ°Ðº INNER JOIN Ð²ÑÐµÐ³Ð´Ð° Ð²Ð¾Ð·Ð²Ñ€Ð°Ñ‰Ð°ÐµÑ‚ Ð²ÑÐµ ÑÑ‚Ñ€Ð¾ÐºÐ¸ Ð¸Ð· Ð¾Ð±ÐµÐ¸Ñ… Ñ‚Ð°Ð±Ð»Ð¸Ñ†, Ð½ÐµÐ·Ð°Ð²Ð¸ÑÐ¸Ð¼Ð¾ Ð¾Ñ‚ Ð¿Ð¾Ñ€ÑÐ´ÐºÐ° Ñ‚Ð°Ð±Ð»Ð¸Ñ† Ð¸ ÑÐ¾Ð¾Ñ‚Ð²ÐµÑ‚ÑÑ‚Ð²Ð¸Ñ. INNER JOIN Ð²Ð¾Ð·Ð²Ñ€Ð°Ñ‰Ð°ÐµÑ‚ Ð²ÑÐµ ÑÑ‚Ñ€Ð¾ÐºÐ¸ Ð¸Ð· Ñ‚Ð°Ð±Ð»Ð¸Ñ† ÑÐ½Ð°Ñ‡Ð°Ð»Ð° ÑÐ¾Ð²Ð¿Ð°Ð´Ð°ÑŽÑ‰Ð¸Ðµ ÑÑ‚Ñ€Ð¾ÐºÐ¸ Ð¸Ð· Ð¾Ð±ÐµÐ¸Ñ… Ñ‚Ð°Ð±Ð»Ð¸Ñ†",False
104,28,"Ð”Ð°, Ñ€ÐµÐ·ÑƒÐ»ÑŒÑ‚Ð°Ñ‚ Ð¸Ð·Ð¼ÐµÐ½Ð¸Ñ‚ÑÑ, Ñ‚Ð°Ðº ÐºÐ°Ðº Ð¿Ð¾Ñ€ÑÐ´Ð¾Ðº Ñ‚Ð°Ð±Ð»Ð¸Ñ† Ð² INNER JOIN Ð¾Ð¿Ñ€ÐµÐ´ÐµÐ»ÑÐµÑ‚, ÐºÐ°ÐºÐ¸Ðµ ÑÑ‚Ñ€Ð¾ÐºÐ¸ Ð±ÑƒÐ´ÑƒÑ‚ Ð²Ð¾Ð·Ð²Ñ€Ð°Ñ‰ÐµÐ½Ñ‹ Ð¸Ð· Ð»ÐµÐ²Ð¾Ð¹ Ñ‚Ð°Ð±Ð»Ð¸Ñ†Ñ‹ Ð¸ ÐºÐ°ÐºÐ¸Ðµ ÑÑ‚Ñ€Ð¾ÐºÐ¸ Ð±ÑƒÐ´ÑƒÑ‚ Ð´Ð¾Ð¿Ð¾Ð»Ð½ÐµÐ½Ñ‹ Ð¸Ð· Ð¿Ñ€Ð°Ð²Ð¾Ð¹ Ñ‚Ð°Ð±Ð»Ð¸Ñ†Ñ‹. ÐŸÐ¾ÑÑ‚Ð¾Ð¼Ñƒ INNER JOIN Ð²Ð¾Ð·Ð²Ñ€Ð°Ñ‰Ð°ÐµÑ‚ ÑÐ½Ð°Ñ‡Ð°Ð»Ð° Ð·Ð½Ð°Ñ‡ÐµÐ½Ð¸Ñ Ð¸Ð· Ð»ÐµÐ²Ð¾Ð¹ Ñ‚Ð°Ð±Ð»Ð¸Ñ†Ñ‹ Ð¸ ÑÐ¾Ð¾Ñ‚Ð²ÐµÑ‚ÑÑ‚Ð²ÑƒÑŽÑ‰Ð¸Ðµ Ð·Ð½Ð°Ñ‡ÐµÐ½Ð¸Ñ Ð¸Ð· Ð¿Ñ€Ð°Ð²Ð¾Ð¹ Ñ‚Ð°Ð±Ð»Ð¸Ñ†Ñ‹. Ð¢Ð°Ð¼ Ð³Ð´Ðµ ÑÐ¾Ð¾Ñ‚Ð²ÐµÑ‚ÑÐ²Ð¸Ð¹ Ð½ÐµÑ‚ ÑÑ‚Ð°Ð²Ð¸Ñ‚ÑÑ NULL. ÐŸÐ¾ÑÑ‚Ð¾Ð¼Ñƒ Ð¿Ñ€Ð¸ ÑÐ¼ÐµÐ½Ðµ Ð¿Ð¾Ñ€ÑÐ´ÐºÐ° Ñ€ÐµÐ·ÑƒÐ»ÑŒÑ‚Ð°Ñ‚ Ð¸Ð·Ð¼ÐµÐ½Ð¸Ñ‚ÑÑ",False
105,29,"âœ… INNER JOIN (A, B) â‡” INNER JOIN (B, A)
âœ… LEFT JOIN (A, B) â‡” RIGHT JOIN (B, A)
âœ… RIGHT JOIN (A, B) â‡” LEFT JOIN (B, A)
âœ… FULL JOIN (A, B) â‡” FULL JOIN (B, A)
âŒ LEFT JOIN (A, B) â‰  LEFT JOIN (B, A)
âŒ RIGHT JOIN (A, B) â‰  RIGHT JOIN (B, A)",True
106,29,"âŒ INNER JOIN (A, B) â‰  INNER JOIN (B, A)
âœ… LEFT JOIN (A, B) â‡” RIGHT JOIN (B, A)
âœ… RIGHT JOIN (A, B) â‡” LEFT JOIN (B, A)
âŒ FULL JOIN (A, B) â‰  FULL JOIN (B, A)
âœ… LEFT JOIN (A, B) â‡” LEFT JOIN (B, A)
âœ… RIGHT JOIN (A, B) â‡” RIGHT JOIN (B, A)",False
107,29,"âœ… INNER JOIN (A, B) â‡” INNER JOIN (B, A)
âœ… LEFT JOIN (A, B) â‡” RIGHT JOIN (B, A)
âœ… RIGHT JOIN (A, B) â‡” LEFT JOIN (B, A)
âŒ FULL JOIN (A, B) â‰  FULL JOIN (B, A)
âŒ LEFT JOIN (A, B) â‰  LEFT JOIN (B, A)
âŒ RIGHT JOIN (A, B) â‰  RIGHT JOIN (B, A)",False
108,29,"âœ… INNER JOIN (A, B) â‡” INNER JOIN (B, A)
âœ… LEFT JOIN (A, B) â‡” RIGHT JOIN (B, A)
âŒ RIGHT JOIN (A, B) â‰  LEFT JOIN (B, A)
âœ… FULL JOIN (A, B) â‡” FULL JOIN (B, A)
âŒ LEFT JOIN (A, B) â‰  LEFT JOIN (B, A)
âŒ RIGHT JOIN (A, B) â‰  RIGHT JOIN (B, A)",False
109,30,"ÐŸÐ¾Ð´Ð·Ð°Ð¿Ñ€Ð¾ÑÑ‹ Ð² PostgreSQL Ð±Ñ‹Ð²Ð°ÑŽÑ‚ Ñ‚Ñ€ÐµÑ… Ð²Ð¸Ð´Ð¾Ð²: ÐºÐ¾Ñ€Ñ€ÐµÐ»Ð¸Ñ€Ð¾Ð²Ð°Ð½Ð½Ñ‹Ðµ, Ð½ÐµÐºÐ¾Ñ€Ñ€ÐµÐ»Ð¸Ñ€Ð¾Ð²Ð°Ð½Ð½Ñ‹Ðµ Ð¸ Ð²Ð»Ð¾Ð¶ÐµÐ½Ð½Ñ‹Ðµ.
1. ÐšÐ¾Ñ€Ñ€ÐµÐ»Ð¸Ñ€Ð¾Ð²Ð°Ð½Ð½Ñ‹Ðµ Ð¿Ð¾Ð´Ð·Ð°Ð¿Ñ€Ð¾ÑÑ‹ â€” Ð·Ð°Ð²Ð¸ÑÑÑ‚ Ð¾Ñ‚ Ð´Ð°Ð½Ð½Ñ‹Ñ… Ð¸Ð· Ð²Ð½ÐµÑˆÐ½ÐµÐ³Ð¾ Ð·Ð°Ð¿Ñ€Ð¾ÑÐ°. Ð’Ñ‹Ð¿Ð¾Ð»Ð½ÑÑŽÑ‚ÑÑ Ð´Ð»Ñ ÐºÐ°Ð¶Ð´Ð¾Ð¹ ÑÑ‚Ñ€Ð¾ÐºÐ¸ Ð²Ð½ÐµÑˆÐ½ÐµÐ³Ð¾ Ð·Ð°Ð¿Ñ€Ð¾ÑÐ°, Ð¿Ð¾ÑÑ‚Ð¾Ð¼Ñƒ Ð¼Ð¾Ð³ÑƒÑ‚ Ð±Ñ‹Ñ‚ÑŒ Ð¼ÐµÐ´Ð»ÐµÐ½Ð½Ñ‹Ð¼Ð¸.
2. ÐÐµÐºÐ¾Ñ€Ñ€ÐµÐ»Ð¸Ñ€Ð¾Ð²Ð°Ð½Ð½Ñ‹Ðµ Ð¿Ð¾Ð´Ð·Ð°Ð¿Ñ€Ð¾ÑÑ‹ â€” Ñ€Ð°Ð±Ð¾Ñ‚Ð°ÑŽÑ‚ Ð½ÐµÐ·Ð°Ð²Ð¸ÑÐ¸Ð¼Ð¾, Ð¸Ñ… Ð¼Ð¾Ð¶Ð½Ð¾ Ð²Ñ‹Ð¿Ð¾Ð»Ð½Ð¸Ñ‚ÑŒ Ð¾Ñ‚Ð´ÐµÐ»ÑŒÐ½Ð¾. ÐžÐ½Ð¸ Ð¿Ñ€Ð¾ÑÑ‚Ð¾ Ð²Ð¾Ð·Ð²Ñ€Ð°Ñ‰Ð°ÑŽÑ‚ Ð´Ð°Ð½Ð½Ñ‹Ðµ, ÐºÐ¾Ñ‚Ð¾Ñ€Ñ‹Ðµ Ð¸ÑÐ¿Ð¾Ð»ÑŒÐ·ÑƒÑŽÑ‚ÑÑ Ð² Ð¾ÑÐ½Ð¾Ð²Ð½Ð¾Ð¼ Ð·Ð°Ð¿Ñ€Ð¾ÑÐµ.
3. Ð’Ð»Ð¾Ð¶ÐµÐ½Ð½Ñ‹Ðµ Ð¿Ð¾Ð´Ð·Ð°Ð¿Ñ€Ð¾ÑÑ‹ â€” ÑÑ‚Ð¾ Ð¿Ñ€Ð¾ÑÑ‚Ð¾ Ð¿Ð¾Ð´Ð·Ð°Ð¿Ñ€Ð¾ÑÑ‹ Ð²Ð½ÑƒÑ‚Ñ€Ð¸ Ð´Ñ€ÑƒÐ³Ð¸Ñ… Ð·Ð°Ð¿Ñ€Ð¾ÑÐ¾Ð², Ð±ÐµÐ·Ð¾Ñ‚Ð½Ð¾ÑÐ¸Ñ‚ÐµÐ»ÑŒÐ½Ð¾ Ðº Ñ‚Ð¾Ð¼Ñƒ, ÐºÐ¾Ñ€Ñ€ÐµÐ»Ð¸Ñ€Ð¾Ð²Ð°Ð½Ð½Ñ‹Ðµ Ð¾Ð½Ð¸ Ð¸Ð»Ð¸ Ð½ÐµÑ‚.
ðŸ’¡ Ð’Ð°Ð¶Ð½Ð¾: Ð’ Ð¾Ñ„Ð¸Ñ†Ð¸Ð°Ð»ÑŒÐ½Ð¾Ð¹ Ð´Ð¾ÐºÑƒÐ¼ÐµÐ½Ñ‚Ð°Ñ†Ð¸Ð¸ PostgreSQL Ñ‡Ñ‘Ñ‚ÐºÐ¾Ð³Ð¾ Ñ€Ð°Ð·Ð´ÐµÐ»ÐµÐ½Ð¸Ñ Ð½Ð° Ñ‚Ð°ÐºÐ¸Ðµ Ñ‚Ð¸Ð¿Ñ‹ Ð½ÐµÑ‚ â€” ÑÑ‚Ð¾ ÑÐºÐ¾Ñ€ÐµÐµ Ð¾Ð±Ñ‰ÐµÐ¿Ñ€Ð¸Ð½ÑÑ‚Ñ‹Ðµ Ñ‚ÐµÑ€Ð¼Ð¸Ð½Ñ‹ Ð¸Ð· SQL-ÑÑ‚Ð°Ð½Ð´Ð°Ñ€Ñ‚Ð¾Ð² Ð¸ Ð»Ð¸Ñ‚ÐµÑ€Ð°Ñ‚ÑƒÑ€Ñ‹. Ð•Ð´Ð¸Ð½ÑÑ‚Ð²ÐµÐ½Ð½Ð¾Ðµ, Ñ‡Ñ‚Ð¾ ÑÐ²Ð½Ð¾ ÑƒÐ¿Ð¾Ð¼Ð¸Ð½Ð°ÐµÑ‚ÑÑ Ð² Ð´Ð¾ÐºÑƒÐ¼ÐµÐ½Ñ‚Ð°Ñ†Ð¸Ð¸ PostgreSQL, â€” ÑÑ‚Ð¾ ÑÐºÐ°Ð»ÑÑ€Ð½Ñ‹Ðµ Ð¿Ð¾Ð´Ð·Ð°Ð¿Ñ€Ð¾ÑÑ‹ (Ñ‚Ðµ, Ñ‡Ñ‚Ð¾ Ð²Ð¾Ð·Ð²Ñ€Ð°Ñ‰Ð°ÑŽÑ‚ Ð¾Ð´Ð½Ð¾ Ð·Ð½Ð°Ñ‡ÐµÐ½Ð¸Ðµ)",True
110,30,"ÐŸÐ¾Ð´Ð·Ð°Ð¿Ñ€Ð¾ÑÑ‹ Ð² PostgreSQL Ð±Ñ‹Ð²Ð°ÑŽÑ‚ Ð´Ð²ÑƒÑ… Ð²Ð¸Ð´Ð¾Ð²: Ð½ÐµÐºÐ¾Ñ€Ñ€ÐµÐ»Ð¸Ñ€Ð¾Ð²Ð°Ð½Ð½Ñ‹Ðµ Ð¸ ÑÐºÐ°Ð»ÑÑ€Ð½Ñ‹Ðµ.
1. ÐÐµÐºÐ¾Ñ€Ñ€ÐµÐ»Ð¸Ñ€Ð¾Ð²Ð°Ð½Ð½Ñ‹Ðµ Ð¿Ð¾Ð´Ð·Ð°Ð¿Ñ€Ð¾ÑÑ‹ â€” Ñ€Ð°Ð±Ð¾Ñ‚Ð°ÑŽÑ‚ Ð½ÐµÐ·Ð°Ð²Ð¸ÑÐ¸Ð¼Ð¾, Ð¸Ñ… Ð¼Ð¾Ð¶Ð½Ð¾ Ð²Ñ‹Ð¿Ð¾Ð»Ð½Ð¸Ñ‚ÑŒ Ð¾Ñ‚Ð´ÐµÐ»ÑŒÐ½Ð¾. ÐžÐ½Ð¸ Ð¿Ñ€Ð¾ÑÑ‚Ð¾ Ð²Ð¾Ð·Ð²Ñ€Ð°Ñ‰Ð°ÑŽÑ‚ Ð´Ð°Ð½Ð½Ñ‹Ðµ, ÐºÐ¾Ñ‚Ð¾Ñ€Ñ‹Ðµ Ð¸ÑÐ¿Ð¾Ð»ÑŒÐ·ÑƒÑŽÑ‚ÑÑ Ð² Ð¾ÑÐ½Ð¾Ð²Ð½Ð¾Ð¼ Ð·Ð°Ð¿Ñ€Ð¾ÑÐµ.
2. Ð¡ÐºÐ°Ð»ÑÑ€Ð½Ñ‹Ðµ Ð¿Ð¾Ð´Ð·Ð°Ð¿Ñ€Ð¾ÑÑ‹ â€” Ð·Ð°Ð²Ð¸ÑÑÑ‚ Ð¾Ñ‚ Ð´Ð°Ð½Ð½Ñ‹Ñ… Ð¸Ð· Ð²Ð½ÐµÑˆÐ½ÐµÐ³Ð¾ Ð·Ð°Ð¿Ñ€Ð¾ÑÐ°. Ð’Ñ‹Ð¿Ð¾Ð»Ð½ÑÑŽÑ‚ÑÑ Ð´Ð»Ñ ÐºÐ°Ð¶Ð´Ð¾Ð¹ ÑÑ‚Ñ€Ð¾ÐºÐ¸ Ð²Ð½ÐµÑˆÐ½ÐµÐ³Ð¾ Ð·Ð°Ð¿Ñ€Ð¾ÑÐ°, Ð¿Ð¾ÑÑ‚Ð¾Ð¼Ñƒ Ð¼Ð¾Ð³ÑƒÑ‚ Ð±Ñ‹Ñ‚ÑŒ Ð¼ÐµÐ´Ð»ÐµÐ½Ð½Ñ‹Ð¼Ð¸.
ðŸ’¡ Ð’Ð°Ð¶Ð½Ð¾: Ð’ Ð¾Ñ„Ð¸Ñ†Ð¸Ð°Ð»ÑŒÐ½Ð¾Ð¹ Ð´Ð¾ÐºÑƒÐ¼ÐµÐ½Ñ‚Ð°Ñ†Ð¸Ð¸ PostgreSQL Ñ‡Ñ‘Ñ‚ÐºÐ¾Ð³Ð¾ Ñ€Ð°Ð·Ð´ÐµÐ»ÐµÐ½Ð¸Ñ Ð½Ð° Ñ‚Ð°ÐºÐ¸Ðµ Ñ‚Ð¸Ð¿Ñ‹ Ð½ÐµÑ‚ â€” ÑÑ‚Ð¾ ÑÐºÐ¾Ñ€ÐµÐµ Ð¾Ð±Ñ‰ÐµÐ¿Ñ€Ð¸Ð½ÑÑ‚Ñ‹Ðµ Ñ‚ÐµÑ€Ð¼Ð¸Ð½Ñ‹ Ð¸Ð· SQL-ÑÑ‚Ð°Ð½Ð´Ð°Ñ€Ñ‚Ð¾Ð² Ð¸ Ð»Ð¸Ñ‚ÐµÑ€Ð°Ñ‚ÑƒÑ€Ñ‹. Ð•Ð´Ð¸Ð½ÑÑ‚Ð²ÐµÐ½Ð½Ð¾Ðµ, Ñ‡Ñ‚Ð¾ ÑÐ²Ð½Ð¾ ÑƒÐ¿Ð¾Ð¼Ð¸Ð½Ð°ÐµÑ‚ÑÑ Ð² Ð´Ð¾ÐºÑƒÐ¼ÐµÐ½Ñ‚Ð°Ñ†Ð¸Ð¸ PostgreSQL, â€” ÑÑ‚Ð¾ ÑÐºÐ°Ð»ÑÑ€Ð½Ñ‹Ðµ Ð¿Ð¾Ð´Ð·Ð°Ð¿Ñ€Ð¾ÑÑ‹",False
111,30,"ÐŸÐ¾Ð´Ð·Ð°Ð¿Ñ€Ð¾ÑÑ‹ Ð² PostgreSQL Ð±Ñ‹Ð²Ð°ÑŽÑ‚ Ñ‚Ñ€ÐµÑ… Ð²Ð¸Ð´Ð¾Ð²: ÐºÐ¾Ñ€Ñ€ÐµÐ»Ð¸Ñ€Ð¾Ð²Ð°Ð½Ð½Ñ‹Ðµ Ð¸ ÑÐºÐ°Ð»ÑÑ€Ð½Ñ‹Ðµ.
1. ÐšÐ¾Ñ€Ñ€ÐµÐ»Ð¸Ñ€Ð¾Ð²Ð°Ð½Ð½Ñ‹Ðµ Ð¿Ð¾Ð´Ð·Ð°Ð¿Ñ€Ð¾ÑÑ‹ â€” Ð·Ð°Ð²Ð¸ÑÑÑ‚ Ð¾Ñ‚ Ð´Ð°Ð½Ð½Ñ‹Ñ… Ð¸Ð· Ð²Ð½ÐµÑˆÐ½ÐµÐ³Ð¾ Ð·Ð°Ð¿Ñ€Ð¾ÑÐ°. Ð’Ñ‹Ð¿Ð¾Ð»Ð½ÑÑŽÑ‚ÑÑ Ð´Ð»Ñ ÐºÐ°Ð¶Ð´Ð¾Ð¹ ÑÑ‚Ñ€Ð¾ÐºÐ¸ Ð²Ð½ÐµÑˆÐ½ÐµÐ³Ð¾ Ð·Ð°Ð¿Ñ€Ð¾ÑÐ°, Ð¿Ð¾ÑÑ‚Ð¾Ð¼Ñƒ Ð¼Ð¾Ð³ÑƒÑ‚ Ð±Ñ‹Ñ‚ÑŒ Ð¼ÐµÐ´Ð»ÐµÐ½Ð½Ñ‹Ð¼Ð¸.
2. Ð¡ÐºÐ°Ð»ÑÑ€Ð½Ñ‹Ðµ Ð¿Ð¾Ð´Ð·Ð°Ð¿Ñ€Ð¾ÑÑ‹ â€” Ñ€Ð°Ð±Ð¾Ñ‚Ð°ÑŽÑ‚ Ð½ÐµÐ·Ð°Ð²Ð¸ÑÐ¸Ð¼Ð¾, Ð¸Ñ… Ð¼Ð¾Ð¶Ð½Ð¾ Ð²Ñ‹Ð¿Ð¾Ð»Ð½Ð¸Ñ‚ÑŒ Ð¾Ñ‚Ð´ÐµÐ»ÑŒÐ½Ð¾. ÐžÐ½Ð¸ Ð¿Ñ€Ð¾ÑÑ‚Ð¾ Ð²Ð¾Ð·Ð²Ñ€Ð°Ñ‰Ð°ÑŽÑ‚ Ð´Ð°Ð½Ð½Ñ‹Ðµ, ÐºÐ¾Ñ‚Ð¾Ñ€Ñ‹Ðµ Ð¸ÑÐ¿Ð¾Ð»ÑŒÐ·ÑƒÑŽÑ‚ÑÑ Ð² Ð¾ÑÐ½Ð¾Ð²Ð½Ð¾Ð¼ Ð·Ð°Ð¿Ñ€Ð¾ÑÐµ.
ðŸ’¡ Ð’Ð°Ð¶Ð½Ð¾: Ð’ Ð¾Ñ„Ð¸Ñ†Ð¸Ð°Ð»ÑŒÐ½Ð¾Ð¹ Ð´Ð¾ÐºÑƒÐ¼ÐµÐ½Ñ‚Ð°Ñ†Ð¸Ð¸ PostgreSQL Ñ‡Ñ‘Ñ‚ÐºÐ¾Ð³Ð¾ Ñ€Ð°Ð·Ð´ÐµÐ»ÐµÐ½Ð¸Ñ Ð½Ð° Ñ‚Ð°ÐºÐ¸Ðµ Ñ‚Ð¸Ð¿Ñ‹ Ð½ÐµÑ‚ â€” ÑÑ‚Ð¾ ÑÐºÐ¾Ñ€ÐµÐµ Ð¾Ð±Ñ‰ÐµÐ¿Ñ€Ð¸Ð½ÑÑ‚Ñ‹Ðµ Ñ‚ÐµÑ€Ð¼Ð¸Ð½Ñ‹ Ð¸Ð· SQL-ÑÑ‚Ð°Ð½Ð´Ð°Ñ€Ñ‚Ð¾Ð² Ð¸ Ð»Ð¸Ñ‚ÐµÑ€Ð°Ñ‚ÑƒÑ€Ñ‹. Ð•Ð´Ð¸Ð½ÑÑ‚Ð²ÐµÐ½Ð½Ð¾Ðµ, Ñ‡Ñ‚Ð¾ ÑÐ²Ð½Ð¾ ÑƒÐ¿Ð¾Ð¼Ð¸Ð½Ð°ÐµÑ‚ÑÑ Ð² Ð´Ð¾ÐºÑƒÐ¼ÐµÐ½Ñ‚Ð°Ñ†Ð¸Ð¸ PostgreSQL, â€” ÑÑ‚Ð¾ ÑÐºÐ°Ð»ÑÑ€Ð½Ñ‹Ðµ Ð¿Ð¾Ð´Ð·Ð°Ð¿Ñ€Ð¾ÑÑ‹",False
112,30,"ÐŸÐ¾Ð´Ð·Ð°Ð¿Ñ€Ð¾ÑÑ‹ Ð² PostgreSQL Ð±Ñ‹Ð²Ð°ÑŽÑ‚ Ð´Ð²ÑƒÑ… Ð²Ð¸Ð´Ð¾Ð²: Ð²Ð»Ð¾Ð¶ÐµÐ½Ð½Ñ‹Ðµ Ð¸ ÑÐºÐ°Ð»ÑÑ€Ð½Ñ‹Ðµ.
1. Ð’Ð»Ð¾Ð¶ÐµÐ½Ð½Ñ‹Ðµ Ð¿Ð¾Ð´Ð·Ð°Ð¿Ñ€Ð¾ÑÑ‹ â€” ÑÑ‚Ð¾ Ð¿Ñ€Ð¾ÑÑ‚Ð¾ Ð¿Ð¾Ð´Ð·Ð°Ð¿Ñ€Ð¾ÑÑ‹ Ð²Ð½ÑƒÑ‚Ñ€Ð¸ Ð´Ñ€ÑƒÐ³Ð¸Ñ… Ð·Ð°Ð¿Ñ€Ð¾ÑÐ¾Ð².
2. Ð¡ÐºÐ°Ð»ÑÑ€Ð½Ñ‹Ðµ Ð¿Ð¾Ð´Ð·Ð°Ð¿Ñ€Ð¾ÑÑ‹ â€” ÑÑ‚Ð¾ Ð¿Ð¾Ð´Ð·Ð°Ð¿Ñ€Ð¾ÑÑ‹, ÐºÐ¾Ñ‚Ð¾Ñ€Ñ‹Ðµ Ð²Ð¾Ð·Ð²Ñ€Ð°Ñ‰Ð°ÑŽÑ‚ Ð¾Ð´Ð½Ð¾ Ð·Ð½Ð°Ñ‡ÐµÐ½Ð¸Ðµ.
ðŸ’¡ Ð’Ð°Ð¶Ð½Ð¾: Ð•Ð´Ð¸Ð½ÑÑ‚Ð²ÐµÐ½Ð½Ð¾Ðµ, Ñ‡Ñ‚Ð¾ ÑÐ²Ð½Ð¾ ÑƒÐ¿Ð¾Ð¼Ð¸Ð½Ð°ÐµÑ‚ÑÑ Ð² Ð´Ð¾ÐºÑƒÐ¼ÐµÐ½Ñ‚Ð°Ñ†Ð¸Ð¸ PostgreSQL, â€” ÑÑ‚Ð¾ ÑÐºÐ°Ð»ÑÑ€Ð½Ñ‹Ðµ Ð¿Ð¾Ð´Ð·Ð°Ð¿Ñ€Ð¾ÑÑ‹ ",False
113,31,"ÐšÐ¾Ð³Ð´Ð° Ð¾Ð±ÑŠÐµÐ´Ð¸Ð½ÑÐµÑˆÑŒ ÐºÑ€Ð¾ÑˆÐµÑ‡Ð½ÑƒÑŽ Ñ‚Ð°Ð±Ð»Ð¸Ñ†Ñƒ Ñ Ð¾Ð³Ñ€Ð¾Ð¼Ð½Ð¾Ð¹, Ñ…Ð¾Ñ‡ÐµÑ‚ÑÑ, Ñ‡Ñ‚Ð¾Ð±Ñ‹ Ð·Ð°Ð¿Ñ€Ð¾Ñ Ñ€Ð°Ð±Ð¾Ñ‚Ð°Ð» Ð±Ñ‹ÑÑ‚Ñ€Ð¾, Ð° ÑÐµÑ€Ð²ÐµÑ€ Ð½Ðµ Ð·Ð°Ð´Ñ‹Ñ…Ð°Ð»ÑÑ. Ð’Ð¾Ñ‚ Ð½ÐµÑÐºÐ¾Ð»ÑŒÐºÐ¾ Ð¿Ñ€Ð¾Ð²ÐµÑ€ÐµÐ½Ð½Ñ‹Ñ… ÑÐ¿Ð¾ÑÐ¾Ð±Ð¾Ð²:
1. ÐÐ°Ñ‡Ð½Ð¸ Ñ Ð¼Ð°Ð»ÐµÐ½ÑŒÐºÐ¾Ð¹ Ñ‚Ð°Ð±Ð»Ð¸Ñ†Ñ‹ â€“ PostgreSQL Ð»ÑŽÐ±Ð¸Ñ‚ ÑÑ‚Ñ€Ð¾Ð¸Ñ‚ÑŒ Ð¿Ð»Ð°Ð½Ñ‹ Ð½Ð° Ð¾ÑÐ½Ð¾Ð²Ðµ Ð¿ÐµÑ€Ð²Ð¾Ð¹ Ñ‚Ð°Ð±Ð»Ð¸Ñ†Ñ‹ Ð² JOIN, Ñ‚Ð°Ðº Ñ‡Ñ‚Ð¾ Ð¿Ñ€Ð°Ð²Ð¸Ð»ÑŒÐ½Ñ‹Ð¹ Ð¿Ð¾Ñ€ÑÐ´Ð¾Ðº Ð¼Ð¾Ð¶ÐµÑ‚ Ð¿Ð¾Ð¼Ð¾Ñ‡ÑŒ.
2. Ð’Ñ‹Ð±Ð¸Ñ€Ð°Ð¹ Ð¿Ñ€Ð°Ð²Ð¸Ð»ÑŒÐ½Ñ‹Ð¹ JOIN â€“ INNER JOIN Ð±Ñ‹ÑÑ‚Ñ€ÐµÐµ, ÐµÑÐ»Ð¸ Ð½ÑƒÐ¶Ð½Ñ‹ Ñ‚Ð¾Ð»ÑŒÐºÐ¾ ÑÐ¾Ð²Ð¿Ð°Ð´Ð°ÑŽÑ‰Ð¸Ðµ ÑÑ‚Ñ€Ð¾ÐºÐ¸. LEFT JOIN Ñ‚ÑÐ½ÐµÑ‚ Ð²ÑÐµ Ð¸Ð· Ð»ÐµÐ²Ð¾Ð¹ Ñ‚Ð°Ð±Ð»Ð¸Ñ†Ñ‹, Ð´Ð°Ð¶Ðµ ÐµÑÐ»Ð¸ ÑÐ¿Ñ€Ð°Ð²Ð° Ð½Ð¸Ñ‡ÐµÐ³Ð¾ Ð½ÐµÑ‚, Ñ‡Ñ‚Ð¾ Ð¼Ð¾Ð¶ÐµÑ‚ Ð±Ñ‹Ñ‚ÑŒ Ñ‚ÑÐ¶ÐµÐ»ÐµÐµ.
3. Ð¤Ð¸Ð»ÑŒÑ‚Ñ€ÑƒÐ¹ Ð´Ð°Ð½Ð½Ñ‹Ðµ Ð·Ð°Ñ€Ð°Ð½ÐµÐµ â€“ Ð¿Ð¾Ð´Ð·Ð°Ð¿Ñ€Ð¾ÑÑ‹, WHERE, LIMIT Ð¸Ð»Ð¸ CTE (WITH ... AS) Ð¿Ð¾Ð¼Ð¾Ð³ÑƒÑ‚ ÑƒÐ¼ÐµÐ½ÑŒÑˆÐ¸Ñ‚ÑŒ Ð¾Ð±ÑŠÐµÐ¼ Ð´Ð°Ð½Ð½Ñ‹Ñ… Ð¿ÐµÑ€ÐµÐ´ JOIN.
4. Ð˜Ð½Ð´ÐµÐºÑÑ‹ Ñ€ÐµÑˆÐ°ÑŽÑ‚ Ð²ÑÑ‘ â€“ Ð¾ÑÐ¾Ð±ÐµÐ½Ð½Ð¾ ÐµÑÐ»Ð¸ JOIN Ð¸Ð´Ñ‘Ñ‚ Ð¿Ð¾ Ð½ÐµÑƒÐ½Ð¸ÐºÐ°Ð»ÑŒÐ½Ñ‹Ð¼ ÐºÐ¾Ð»Ð¾Ð½ÐºÐ°Ð¼. ÐŸÑ€Ð¾Ð²ÐµÑ€ÑŒ, ÐµÑÑ‚ÑŒ Ð»Ð¸ Ð¸Ð½Ð´ÐµÐºÑÑ‹ Ð½Ð° ÐºÐ»ÑŽÑ‡ÐµÐ²Ñ‹Ñ… Ð¿Ð¾Ð»ÑÑ….
5. ÐÐ½Ð°Ð»Ð¸Ð·Ð¸Ñ€ÑƒÐ¹ Ð¿Ð»Ð°Ð½ Ð·Ð°Ð¿Ñ€Ð¾ÑÐ° (EXPLAIN ANALYZE) â€“ PostgreSQL Ð¿Ð¾ÐºÐ°Ð¶ÐµÑ‚, Ð³Ð´Ðµ ÑƒÐ·ÐºÐ¾Ðµ Ð¼ÐµÑÑ‚Ð¾. Ð’Ð¾Ð·Ð¼Ð¾Ð¶Ð½Ð¾, ÑÑ‚Ð¾Ð¸Ñ‚ Ð¿Ð¾Ð¼ÐµÐ½ÑÑ‚ÑŒ Ð¿Ð¾Ñ€ÑÐ´Ð¾Ðº JOIN, Ð´Ð¾Ð±Ð°Ð²Ð¸Ñ‚ÑŒ Ð¸Ð½Ð´ÐµÐºÑ Ð¸Ð»Ð¸ Ð¿ÐµÑ€ÐµÐ¿Ð¸ÑÐ°Ñ‚ÑŒ Ð»Ð¾Ð³Ð¸ÐºÑƒ.
Ð“Ð»Ð°Ð²Ð½Ð¾Ðµ â€“ Ð½Ðµ Ð±Ð¾ÑÑ‚ÑŒÑÑ ÑÐºÑÐ¿ÐµÑ€Ð¸Ð¼ÐµÐ½Ñ‚Ð¸Ñ€Ð¾Ð²Ð°Ñ‚ÑŒ Ð¸ Ð¿Ñ€Ð¾Ð²ÐµÑ€ÑÑ‚ÑŒ, Ñ‡Ñ‚Ð¾ Ñ€ÐµÐ°Ð»ÑŒÐ½Ð¾ ÑƒÑÐºÐ¾Ñ€ÑÐµÑ‚ Ð²Ñ‹Ð¿Ð¾Ð»Ð½ÐµÐ½Ð¸Ðµ Ð·Ð°Ð¿Ñ€Ð¾ÑÐ°. Ð˜ Ð¾Ð¿Ñ‚Ð¸Ð¼Ð¸Ð·Ð¸Ñ€Ð¾Ð²Ð°Ñ‚ÑŒ Ð²ÑÐµÐ³Ð´Ð° Ð½Ð° Ð´Ð°Ð½Ð½Ñ‹Ñ… Ð½Ð° Ð¿Ñ€Ð¾Ð´Ðµ, Ð·Ð°Ñ€Ð°Ð½ÐµÐµ Ð½Ðµ Ð½Ð°Ð´Ð¾.",True
114,31,"ÐšÐ¾Ð³Ð´Ð° Ð¾Ð±ÑŠÐµÐ´Ð¸Ð½ÑÐµÑˆÑŒ ÐºÑ€Ð¾ÑˆÐµÑ‡Ð½ÑƒÑŽ Ñ‚Ð°Ð±Ð»Ð¸Ñ†Ñƒ Ñ Ð¾Ð³Ñ€Ð¾Ð¼Ð½Ð¾Ð¹, Ð²Ð°Ð¶Ð½Ð¾ ÑƒÑ‡Ð¸Ñ‚Ñ‹Ð²Ð°Ñ‚ÑŒ Ð½ÐµÑÐºÐ¾Ð»ÑŒÐºÐ¾ Ñ„Ð°ÐºÑ‚Ð¾Ñ€Ð¾Ð²:
1. Ð˜ÑÐ¿Ð¾Ð»ÑŒÐ·ÑƒÐ¹ Ð¿Ñ€Ð°Ð²Ð¸Ð»ÑŒÐ½Ñ‹Ð¹ Ñ‚Ð¸Ð¿ JOIN â€“ Ð½Ð°Ð¿Ñ€Ð¸Ð¼ÐµÑ€, FULL JOIN Ð¼Ð¾Ð¶ÐµÑ‚ Ð±Ñ‹Ñ‚ÑŒ Ð¼ÐµÐ´Ð»ÐµÐ½Ð½Ñ‹Ð¼ Ð½Ð° Ð±Ð¾Ð»ÑŒÑˆÐ¸Ñ… Ð¾Ð±ÑŠÐµÐ¼Ð°Ñ… Ð´Ð°Ð½Ð½Ñ‹Ñ….
2. Ð£Ð±ÐµÐ´Ð¸ÑÑŒ, Ñ‡Ñ‚Ð¾ Ð½Ð° ÐºÐ»ÑŽÑ‡ÐµÐ²Ñ‹Ñ… Ð¿Ð¾Ð»ÑÑ… ÐµÑÑ‚ÑŒ Ð¸Ð½Ð´ÐµÐºÑÑ‹ â€“ ÑÑ‚Ð¾ ÑƒÑÐºÐ¾Ñ€Ð¸Ñ‚ Ð²Ñ‹Ð¿Ð¾Ð»Ð½ÐµÐ½Ð¸Ðµ Ð·Ð°Ð¿Ñ€Ð¾ÑÐ°.
3. Ð˜ÑÐ¿Ð¾Ð»ÑŒÐ·ÑƒÐ¹ Ð¿Ð¾Ð´Ð·Ð°Ð¿Ñ€Ð¾ÑÑ‹ Ð´Ð»Ñ Ñ„Ð¸Ð»ÑŒÑ‚Ñ€Ð°Ñ†Ð¸Ð¸ Ð´Ð°Ð½Ð½Ñ‹Ñ… â€“ ÑÑ‚Ð¾ Ð¿Ð¾Ð¼Ð¾Ð¶ÐµÑ‚ ÑƒÐ¼ÐµÐ½ÑŒÑˆÐ¸Ñ‚ÑŒ Ð¾Ð±ÑŠÐµÐ¼ Ð´Ð°Ð½Ð½Ñ‹Ñ… Ð¿ÐµÑ€ÐµÐ´ JOIN.
4. ÐÐ½Ð°Ð»Ð¸Ð·Ð¸Ñ€ÑƒÐ¹ Ð¿Ð»Ð°Ð½ Ð·Ð°Ð¿Ñ€Ð¾ÑÐ° (EXPLAIN ANALYZE) â€“ ÑÑ‚Ð¾ Ð¿Ð¾Ð¼Ð¾Ð¶ÐµÑ‚ Ð²Ñ‹ÑÐ²Ð¸Ñ‚ÑŒ ÑƒÐ·ÐºÐ¸Ðµ Ð¼ÐµÑÑ‚Ð° Ð¸ Ð¾Ð¿Ñ‚Ð¸Ð¼Ð¸Ð·Ð¸Ñ€Ð¾Ð²Ð°Ñ‚ÑŒ Ð·Ð°Ð¿Ñ€Ð¾Ñ.
5. Ð Ð°ÑÑÐ¼Ð¾Ñ‚Ñ€Ð¸ Ð²Ð¾Ð·Ð¼Ð¾Ð¶Ð½Ð¾ÑÑ‚ÑŒ Ð¸ÑÐ¿Ð¾Ð»ÑŒÐ·Ð¾Ð²Ð°Ð½Ð¸Ñ Ð¿Ñ€ÐµÐ´ÑÑ‚Ð°Ð²Ð»ÐµÐ½Ð¸Ð¹ (VIEW) â€“ ÑÑ‚Ð¾ Ð¼Ð¾Ð¶ÐµÑ‚ ÑƒÐ¿Ñ€Ð¾ÑÑ‚Ð¸Ñ‚ÑŒ Ð·Ð°Ð¿Ñ€Ð¾Ñ Ð¸ ÑƒÐ»ÑƒÑ‡ÑˆÐ¸Ñ‚ÑŒ Ð¿Ñ€Ð¾Ð¸Ð·Ð²Ð¾Ð´Ð¸Ñ‚ÐµÐ»ÑŒÐ½Ð¾ÑÑ‚ÑŒ.",False
115,31,"ÐšÐ¾Ð³Ð´Ð° Ð¾Ð±ÑŠÐµÐ´Ð¸Ð½ÑÐµÑˆÑŒ ÐºÑ€Ð¾ÑˆÐµÑ‡Ð½ÑƒÑŽ Ñ‚Ð°Ð±Ð»Ð¸Ñ†Ñƒ Ñ Ð¾Ð³Ñ€Ð¾Ð¼Ð½Ð¾Ð¹, Ð²Ð°Ð¶Ð½Ð¾ ÑƒÑ‡Ð¸Ñ‚Ñ‹Ð²Ð°Ñ‚ÑŒ Ð½ÐµÑÐºÐ¾Ð»ÑŒÐºÐ¾ Ñ„Ð°ÐºÑ‚Ð¾Ñ€Ð¾Ð²:
1. Ð˜ÑÐ¿Ð¾Ð»ÑŒÐ·ÑƒÐ¹ Ð¿Ñ€Ð°Ð²Ð¸Ð»ÑŒÐ½Ñ‹Ð¹ Ñ‚Ð¸Ð¿ JOIN â€“ Ð½Ð°Ð¿Ñ€Ð¸Ð¼ÐµÑ€, RIGHT JOIN Ð¼Ð¾Ð¶ÐµÑ‚ Ð±Ñ‹Ñ‚ÑŒ Ð¼ÐµÐ´Ð»ÐµÐ½Ð½Ñ‹Ð¼ Ð½Ð° Ð±Ð¾Ð»ÑŒÑˆÐ¸Ñ… Ð¾Ð±ÑŠÐµÐ¼Ð°Ñ… Ð´Ð°Ð½Ð½Ñ‹Ñ….
2. Ð£Ð±ÐµÐ´Ð¸ÑÑŒ, Ñ‡Ñ‚Ð¾ Ð½Ð° ÐºÐ»ÑŽÑ‡ÐµÐ²Ñ‹Ñ… Ð¿Ð¾Ð»ÑÑ… ÐµÑÑ‚ÑŒ Ð¸Ð½Ð´ÐµÐºÑÑ‹ â€“ ÑÑ‚Ð¾ ÑƒÑÐºÐ¾Ñ€Ð¸Ñ‚ Ð²Ñ‹Ð¿Ð¾Ð»Ð½ÐµÐ½Ð¸Ðµ Ð·Ð°Ð¿Ñ€Ð¾ÑÐ°.
3. Ð˜ÑÐ¿Ð¾Ð»ÑŒÐ·ÑƒÐ¹ Ð¿Ð¾Ð´Ð·Ð°Ð¿Ñ€Ð¾ÑÑ‹ Ð´Ð»Ñ Ñ„Ð¸Ð»ÑŒÑ‚Ñ€Ð°Ñ†Ð¸Ð¸ Ð´Ð°Ð½Ð½Ñ‹Ñ… â€“ ÑÑ‚Ð¾ Ð¿Ð¾Ð¼Ð¾Ð¶ÐµÑ‚ ÑƒÐ¼ÐµÐ½ÑŒÑˆÐ¸Ñ‚ÑŒ Ð¾Ð±ÑŠÐµÐ¼ Ð´Ð°Ð½Ð½Ñ‹Ñ… Ð¿ÐµÑ€ÐµÐ´ JOIN.
4. ÐÐ½Ð°Ð»Ð¸Ð·Ð¸Ñ€ÑƒÐ¹ Ð¿Ð»Ð°Ð½ Ð·Ð°Ð¿Ñ€Ð¾ÑÐ° (EXPLAIN ANALYZE) â€“ ÑÑ‚Ð¾ Ð¿Ð¾Ð¼Ð¾Ð¶ÐµÑ‚ Ð²Ñ‹ÑÐ²Ð¸Ñ‚ÑŒ ÑƒÐ·ÐºÐ¸Ðµ Ð¼ÐµÑÑ‚Ð° Ð¸ Ð¾Ð¿Ñ‚Ð¸Ð¼Ð¸Ð·Ð¸Ñ€Ð¾Ð²Ð°Ñ‚ÑŒ Ð·Ð°Ð¿Ñ€Ð¾Ñ.
5. Ð Ð°ÑÑÐ¼Ð¾Ñ‚Ñ€Ð¸ Ð²Ð¾Ð·Ð¼Ð¾Ð¶Ð½Ð¾ÑÑ‚ÑŒ Ð¸ÑÐ¿Ð¾Ð»ÑŒÐ·Ð¾Ð²Ð°Ð½Ð¸Ñ CTE (WITH ... AS) â€“ ÑÑ‚Ð¾ Ð¼Ð¾Ð¶ÐµÑ‚ ÑƒÐ¿Ñ€Ð¾ÑÑ‚Ð¸Ñ‚ÑŒ Ð·Ð°Ð¿Ñ€Ð¾Ñ Ð¸ ÑƒÐ»ÑƒÑ‡ÑˆÐ¸Ñ‚ÑŒ Ð¿Ñ€Ð¾Ð¸Ð·Ð²Ð¾Ð´Ð¸Ñ‚ÐµÐ»ÑŒÐ½Ð¾ÑÑ‚ÑŒ.",False
116,31,"ÐšÐ¾Ð³Ð´Ð° Ð¾Ð±ÑŠÐµÐ´Ð¸Ð½ÑÐµÑˆÑŒ ÐºÑ€Ð¾ÑˆÐµÑ‡Ð½ÑƒÑŽ Ñ‚Ð°Ð±Ð»Ð¸Ñ†Ñƒ Ñ Ð¾Ð³Ñ€Ð¾Ð¼Ð½Ð¾Ð¹, Ð²Ð°Ð¶Ð½Ð¾ ÑƒÑ‡Ð¸Ñ‚Ñ‹Ð²Ð°Ñ‚ÑŒ Ð½ÐµÑÐºÐ¾Ð»ÑŒÐºÐ¾ Ñ„Ð°ÐºÑ‚Ð¾Ñ€Ð¾Ð²:
1. Ð˜ÑÐ¿Ð¾Ð»ÑŒÐ·ÑƒÐ¹ Ð¿Ñ€Ð°Ð²Ð¸Ð»ÑŒÐ½Ñ‹Ð¹ Ñ‚Ð¸Ð¿ JOIN â€“ Ð½Ð°Ð¿Ñ€Ð¸Ð¼ÐµÑ€, CROSS JOIN Ð¼Ð¾Ð¶ÐµÑ‚ Ð±Ñ‹Ñ‚ÑŒ Ð¼ÐµÐ´Ð»ÐµÐ½Ð½Ñ‹Ð¼ Ð½Ð° Ð±Ð¾Ð»ÑŒÑˆÐ¸Ñ… Ð¾Ð±ÑŠÐµÐ¼Ð°Ñ… Ð´Ð°Ð½Ð½Ñ‹Ñ….
2. Ð£Ð±ÐµÐ´Ð¸ÑÑŒ, Ñ‡Ñ‚Ð¾ Ð½Ð° ÐºÐ»ÑŽÑ‡ÐµÐ²Ñ‹Ñ… Ð¿Ð¾Ð»ÑÑ… ÐµÑÑ‚ÑŒ Ð¸Ð½Ð´ÐµÐºÑÑ‹ â€“ ÑÑ‚Ð¾ ÑƒÑÐºÐ¾Ñ€Ð¸Ñ‚ Ð²Ñ‹Ð¿Ð¾Ð»Ð½ÐµÐ½Ð¸Ðµ Ð·Ð°Ð¿Ñ€Ð¾ÑÐ°.
3. Ð˜ÑÐ¿Ð¾Ð»ÑŒÐ·ÑƒÐ¹ Ð¿Ð¾Ð´Ð·Ð°Ð¿Ñ€Ð¾ÑÑ‹ Ð´Ð»Ñ Ñ„Ð¸Ð»ÑŒÑ‚Ñ€Ð°Ñ†Ð¸Ð¸ Ð´Ð°Ð½Ð½Ñ‹Ñ… â€“ ÑÑ‚Ð¾ Ð¿Ð¾Ð¼Ð¾Ð¶ÐµÑ‚ ÑƒÐ¼ÐµÐ½ÑŒÑˆÐ¸Ñ‚ÑŒ Ð¾Ð±ÑŠÐµÐ¼ Ð´Ð°Ð½Ð½Ñ‹Ñ… Ð¿ÐµÑ€ÐµÐ´ JOIN.
4. ÐÐ½Ð°Ð»Ð¸Ð·Ð¸Ñ€ÑƒÐ¹ Ð¿Ð»Ð°Ð½ Ð·Ð°Ð¿Ñ€Ð¾ÑÐ° (EXPLAIN ANALYZE) â€“ ÑÑ‚Ð¾ Ð¿Ð¾Ð¼Ð¾Ð¶ÐµÑ‚ Ð²Ñ‹ÑÐ²Ð¸Ñ‚ÑŒ ÑƒÐ·ÐºÐ¸Ðµ Ð¼ÐµÑÑ‚Ð° Ð¸ Ð¾Ð¿Ñ‚Ð¸Ð¼Ð¸Ð·Ð¸Ñ€Ð¾Ð²Ð°Ñ‚ÑŒ Ð·Ð°Ð¿Ñ€Ð¾Ñ.
5. Ð Ð°ÑÑÐ¼Ð¾Ñ‚Ñ€Ð¸ Ð²Ð¾Ð·Ð¼Ð¾Ð¶Ð½Ð¾ÑÑ‚ÑŒ Ð¸ÑÐ¿Ð¾Ð»ÑŒÐ·Ð¾Ð²Ð°Ð½Ð¸Ñ LIMIT â€“ ÑÑ‚Ð¾ Ð¼Ð¾Ð¶ÐµÑ‚ ÑƒÐ¿Ñ€Ð¾ÑÑ‚Ð¸Ñ‚ÑŒ Ð·Ð°Ð¿Ñ€Ð¾Ñ Ð¸ ÑƒÐ»ÑƒÑ‡ÑˆÐ¸Ñ‚ÑŒ Ð¿Ñ€Ð¾Ð¸Ð·Ð²Ð¾Ð´Ð¸Ñ‚ÐµÐ»ÑŒÐ½Ð¾ÑÑ‚ÑŒ.",False
117,32,"Ð¡Ð¾ÑÑ‚Ð°Ð²Ð½Ð¾Ð¹ (Ð¾Ð½ Ð¶Ðµ Ð¼Ð½Ð¾Ð³Ð¾ÐºÐ¾Ð»Ð¾Ð½Ð½Ñ‹Ð¹ Ð¸Ð»Ð¸ Ð¼Ð½Ð¾Ð³Ð¾ÑÑ‚Ð¾Ð»Ð±Ñ†Ð¾Ð²Ñ‹Ð¹) Ð¸Ð½Ð´ÐµÐºÑ â€” ÑÑ‚Ð¾ Ð¸Ð½Ð´ÐµÐºÑ, ÐºÐ¾Ñ‚Ð¾Ñ€Ñ‹Ð¹ Ð¿Ð¾ÐºÑ€Ñ‹Ð²Ð°ÐµÑ‚ ÑÑ€Ð°Ð·Ñƒ Ð½ÐµÑÐºÐ¾Ð»ÑŒÐºÐ¾ ÐºÐ¾Ð»Ð¾Ð½Ð¾Ðº Ñ‚Ð°Ð±Ð»Ð¸Ñ†Ñ‹. ÐžÐ½ Ð½ÑƒÐ¶ÐµÐ½, ÐºÐ¾Ð³Ð´Ð° Ñ‡Ð°ÑÑ‚Ð¾ Ð²Ñ‹Ð¿Ð¾Ð»Ð½ÑÑŽÑ‚ÑÑ Ð·Ð°Ð¿Ñ€Ð¾ÑÑ‹ Ñ Ñ„Ð¸Ð»ÑŒÑ‚Ñ€Ð°Ñ†Ð¸ÐµÐ¹ (WHERE), ÑÐ¾Ñ€Ñ‚Ð¸Ñ€Ð¾Ð²ÐºÐ¾Ð¹ (ORDER BY) Ð¸Ð»Ð¸ JOIN, Ð¸ÑÐ¿Ð¾Ð»ÑŒÐ·ÑƒÑŽÑ‰Ð¸Ð¼Ð¸ Ð½ÐµÑÐºÐ¾Ð»ÑŒÐºÐ¾ Ð¿Ð¾Ð»ÐµÐ¹. Ð˜Ð´ÐµÐ°Ð»ÑŒÐ½Ð¾, ÐµÑÐ»Ð¸ Ð¸Ð½Ð´ÐµÐºÑ Ð´ÐµÐ¹ÑÑ‚Ð²Ð¸Ñ‚ÐµÐ»ÑŒÐ½Ð¾ Ð¿Ð¾Ð¼Ð¾Ð³Ð°ÐµÑ‚ Ñ€ÐµÐ°Ð»ÑŒÐ½Ñ‹Ð¼ Ð·Ð°Ð¿Ñ€Ð¾ÑÐ°Ð¼, Ð° Ð½Ðµ Ð¿Ñ€Ð¾ÑÑ‚Ð¾ ÑÐ¾Ð·Ð´Ð°ÐµÑ‚ÑÑ ""Ð½Ð° Ð²ÑÑÐºÐ¸Ð¹ ÑÐ»ÑƒÑ‡Ð°Ð¹"". ðŸ˜Š",True
118,32,"Ð¡Ð¾ÑÑ‚Ð°Ð²Ð½Ð¾Ð¹ (Ð¾Ð½ Ð¶Ðµ Ð¼Ð½Ð¾Ð³Ð¾ÐºÐ¾Ð»Ð¾Ð½Ð½Ñ‹Ð¹ Ð¸Ð»Ð¸ Ð¼Ð½Ð¾Ð³Ð¾ÑÑ‚Ð¾Ð»Ð±Ñ†Ð¾Ð²Ñ‹Ð¹) Ð¸Ð½Ð´ÐµÐºÑ â€” ÑÑ‚Ð¾ Ð¸Ð½Ð´ÐµÐºÑ, ÐºÐ¾Ñ‚Ð¾Ñ€Ñ‹Ð¹ ÑÐ¾Ð·Ð´Ð°ÐµÑ‚ÑÑ Ð½Ð° Ð¾ÑÐ½Ð¾Ð²Ðµ Ð¾Ð´Ð½Ð¾Ð¹ ÐºÐ¾Ð»Ð¾Ð½ÐºÐ¸ Ñ‚Ð°Ð±Ð»Ð¸Ñ†Ñ‹. ÐžÐ½ Ð½ÑƒÐ¶ÐµÐ½ Ð´Ð»Ñ ÑƒÑÐºÐ¾Ñ€ÐµÐ½Ð¸Ñ Ð²Ñ‹Ð¿Ð¾Ð»Ð½ÐµÐ½Ð¸Ñ Ð·Ð°Ð¿Ñ€Ð¾ÑÐ¾Ð², Ñ‡Ð°ÑÑ‚Ð¾ Ð¸ÑÐ¿Ð¾Ð»ÑŒÐ·ÑƒÑŽÑ‰Ð¸Ñ… ÑÑ‚Ñƒ ÐºÐ¾Ð»Ð¾Ð½ÐºÑƒ Ð² ÑƒÑÐ»Ð¾Ð²Ð¸ÑÑ… Ñ„Ð¸Ð»ÑŒÑ‚Ñ€Ð°Ñ†Ð¸Ð¸ (WHERE) Ð¸Ð»Ð¸ ÑÐ¾Ñ€Ñ‚Ð¸Ñ€Ð¾Ð²ÐºÐ¸ (ORDER BY) Ð¸Ð»Ð¸ JOIN.",False
119,32,"Ð¡Ð¾ÑÑ‚Ð°Ð²Ð½Ð¾Ð¹ (Ð¾Ð½ Ð¶Ðµ Ð¼Ð½Ð¾Ð³Ð¾ÐºÐ¾Ð»Ð¾Ð½Ð½Ñ‹Ð¹ Ð¸Ð»Ð¸ Ð¼Ð½Ð¾Ð³Ð¾ÑÑ‚Ð¾Ð»Ð±Ñ†Ð¾Ð²Ñ‹Ð¹) Ð¸Ð½Ð´ÐµÐºÑ â€” ÑÑ‚Ð¾ Ð¸Ð½Ð´ÐµÐºÑ, ÐºÐ¾Ñ‚Ð¾Ñ€Ñ‹Ð¹ ÑÐ¾Ð·Ð´Ð°ÐµÑ‚ÑÑ Ð½Ð° Ð¾ÑÐ½Ð¾Ð²Ðµ Ð½ÐµÑÐºÐ¾Ð»ÑŒÐºÐ¸Ñ… Ñ‚Ð°Ð±Ð»Ð¸Ñ†. ÐžÐ½ Ð½ÑƒÐ¶ÐµÐ½ Ð´Ð»Ñ ÑƒÑÐºÐ¾Ñ€ÐµÐ½Ð¸Ñ Ð²Ñ‹Ð¿Ð¾Ð»Ð½ÐµÐ½Ð¸Ñ Ð·Ð°Ð¿Ñ€Ð¾ÑÐ¾Ð², Ð¸ÑÐ¿Ð¾Ð»ÑŒÐ·ÑƒÑŽÑ‰Ð¸Ñ… JOIN Ð¼ÐµÐ¶Ð´Ñƒ ÑÑ‚Ð¸Ð¼Ð¸ Ñ‚Ð°Ð±Ð»Ð¸Ñ†Ð°Ð¼Ð¸. ÐŸÐ¾Ñ€ÑÐ´Ð¾Ðº Ð¸Ð½Ð´ÐµÐºÑÐ¾Ð² Ð¿Ñ€Ð¸ ÑÑ‚Ð¾Ð¼ Ð½Ðµ Ð²Ð°Ð¶ÐµÐ½",False
120,32,"Ð¡Ð¾ÑÑ‚Ð°Ð²Ð½Ð¾Ð¹ (Ð¾Ð½ Ð¶Ðµ Ð¼Ð½Ð¾Ð³Ð¾ÐºÐ¾Ð»Ð¾Ð½Ð½Ñ‹Ð¹ Ð¸Ð»Ð¸ Ð¼Ð½Ð¾Ð³Ð¾ÑÑ‚Ð¾Ð»Ð±Ñ†Ð¾Ð²Ñ‹Ð¹) Ð¸Ð½Ð´ÐµÐºÑ â€” ÑÑ‚Ð¾ Ð¸Ð½Ð´ÐµÐºÑ, ÐºÐ¾Ñ‚Ð¾Ñ€Ñ‹Ð¹ ÑÐ¾Ð·Ð´Ð°ÐµÑ‚ÑÑ Ð½Ð° Ð¾ÑÐ½Ð¾Ð²Ðµ Ð½ÐµÑÐºÐ¾Ð»ÑŒÐºÐ¸Ñ… ÐºÐ¾Ð»Ð¾Ð½Ð¾Ðº Ñ‚Ð°Ð±Ð»Ð¸Ñ†Ñ‹. ÐžÐ½ Ð½ÑƒÐ¶ÐµÐ½ Ð´Ð»Ñ ÑƒÑÐºÐ¾Ñ€ÐµÐ½Ð¸Ñ Ð²Ñ‹Ð¿Ð¾Ð»Ð½ÐµÐ½Ð¸Ñ Ð·Ð°Ð¿Ñ€Ð¾ÑÐ¾Ð², Ð¸ÑÐ¿Ð¾Ð»ÑŒÐ·ÑƒÑŽÑ‰Ð¸Ñ… ÑÑ‚Ð¸ ÐºÐ¾Ð»Ð¾Ð½ÐºÐ¸ Ð² ÑƒÑÐ»Ð¾Ð²Ð¸ÑÑ… Ñ„Ð¸Ð»ÑŒÑ‚Ñ€Ð°Ñ†Ð¸Ð¸ (WHERE), ÑÐ¾Ñ€Ñ‚Ð¸Ñ€Ð¾Ð²ÐºÐ¸ (ORDER BY) Ð¸Ð»Ð¸ JOIN. ÐŸÐ¾Ñ€ÑÐ´Ð¾Ðº Ð¸Ð½Ð´ÐµÐºÑÐ¾Ð² Ð¿Ñ€Ð¸ ÑÑ‚Ð¾Ð¼ Ð½Ðµ Ð²Ð°Ð¶ÐµÐ½ Ð¸ Ð¾Ð½ Ð½Ðµ Ñ€ÐµÐºÐ¾Ð¼ÐµÐ½Ð´ÑƒÐµÑ‚ÑÑ Ð´Ð»Ñ Ð¸ÑÐ¿Ð¾Ð»ÑŒÐ·Ð¾Ð²Ð°Ð½Ð¸Ñ, Ñ‚Ð°Ðº ÐºÐ°Ðº Ð¼Ð¾Ð¶ÐµÑ‚ Ð·Ð°Ð¼ÐµÐ´Ð»Ð¸Ñ‚ÑŒ Ð¾Ð±Ð½Ð¾Ð²Ð»ÐµÐ½Ð¸Ðµ Ð´Ð°Ð½Ð½Ñ‹Ñ….",False
121,33,"1. Ð˜ÑÐ¿Ð¾Ð»ÑŒÐ·ÑƒÐµÐ¼ B-tree. ÐŸÐ¾Ñ‚Ð¾Ð¼Ð¾Ñ‡Ñ‚Ð¾ Ð¾Ð½ Ð¸Ð´ÐµÐ°Ð»ÑŒÐ½Ð¾ Ð¿Ð¾Ð´Ñ…Ð¾Ð´Ð¸Ñ‚ Ð´Ð»Ñ Ñ‚Ð¾Ñ‡Ð½Ñ‹Ñ… ÑÑ€Ð°Ð²Ð½ÐµÐ½Ð¸Ð¹ (=) Ð¸ Ð´Ð¸Ð°Ð¿Ð°Ð·Ð¾Ð½Ð½Ñ‹Ñ… ÑƒÑÐ»Ð¾Ð²Ð¸Ð¹ (>=, <). Ð­Ñ‚Ð¾ ÑÑ‚Ð°Ð½Ð´Ð°Ñ€Ñ‚Ð½Ñ‹Ð¹ Ð¸Ð½Ð´ÐµÐºÑ, ÐºÐ¾Ñ‚Ð¾Ñ€Ñ‹Ð¹ PostgreSQL ÑƒÐ¼ÐµÐµÑ‚ ÑÑ„Ñ„ÐµÐºÑ‚Ð¸Ð²Ð½Ð¾ Ð¸ÑÐ¿Ð¾Ð»ÑŒÐ·Ð¾Ð²Ð°Ñ‚ÑŒ.
2. ÐšÐ°ÐºÐ°Ñ Ð¿Ð¾ÑÐ»ÐµÐ´Ð¾Ð²Ð°Ñ‚ÐµÐ»ÑŒÐ½Ð¾ÑÑ‚ÑŒ ÐºÐ¾Ð»Ð¾Ð½Ð¾Ðº Ð² Ð¸Ð½Ð´ÐµÐºÑÐµ?

CREATE INDEX idx_town_time ON trip (town_from, time_out);

Ð¿Ð¾Ñ‚Ð¾Ð¼Ñƒ Ñ‡Ñ‚Ð¾:
- Ð¤Ð¸Ð»ÑŒÑ‚Ñ€Ð°Ñ†Ð¸Ñ Ð¿Ð¾ town_from Ð¿ÐµÑ€Ð²Ð¾Ð¹ Ð¿Ð¾Ñ‚Ð¾Ð¼Ñƒ Ñ‡Ñ‚Ð¾ ÑÑ‚Ð¾ ÐºÐ°Ñ€Ð´Ð¸Ð½Ð°Ð»ÑŒÐ½Ð¾ ÑƒÐ¼ÐµÐ½ÑŒÑˆÐ°ÐµÑ‚ Ð²Ñ‹Ð±Ð¾Ñ€ÐºÑƒ, ÐµÑÐ»Ð¸ Ð² Ð±Ð°Ð·Ðµ ÐµÑÑ‚ÑŒ Ñ‚Ñ‹ÑÑÑ‡Ð¸ Ñ€Ð°Ð·Ð½Ñ‹Ñ… Ð³Ð¾Ñ€Ð¾Ð´Ð¾Ð².
- Ð¤Ð¸Ð»ÑŒÑ‚Ñ€Ð°Ñ†Ð¸Ñ Ð¿Ð¾ time_out Ð¿Ð¾ÑÐ»Ðµ town_from Ñ€Ð°Ð±Ð¾Ñ‚Ð°ÐµÑ‚ Ð½Ð° Ð¾ÑÑ‚Ð°Ð²ÑˆÐµÐ¼ÑÑ Ð¿Ð¾Ð´Ð¼Ð½Ð¾Ð¶ÐµÑÑ‚Ð²Ðµ, Ñ‡Ñ‚Ð¾ Ð´Ð°Ñ‘Ñ‚ Ð¼Ð°ÐºÑÐ¸Ð¼Ð°Ð»ÑŒÐ½ÑƒÑŽ ÑÑ„Ñ„ÐµÐºÑ‚Ð¸Ð²Ð½Ð¾ÑÑ‚ÑŒ.

3. Ð¡Ñ‚Ð¾Ð¸Ñ‚ Ð»Ð¸ Ð¼ÐµÐ½ÑÑ‚ÑŒ Ð¿Ð¾Ñ€ÑÐ´Ð¾Ðº ÑƒÑÐ»Ð¾Ð²Ð¸Ð¹ Ð² WHERE?
âŒ ÐÐµÑ‚, Ð¿Ð¾Ñ€ÑÐ´Ð¾Ðº ÑƒÑÐ»Ð¾Ð²Ð¸Ð¹ Ð² Ð·Ð°Ð¿Ñ€Ð¾ÑÐµ Ð½Ðµ Ð²Ð»Ð¸ÑÐµÑ‚ Ð½Ð° Ð¸ÑÐ¿Ð¾Ð»ÑŒÐ·Ð¾Ð²Ð°Ð½Ð¸Ðµ Ð¸Ð½Ð´ÐµÐºÑÐ° â€“ Ð¾Ð¿Ñ‚Ð¸Ð¼Ð¸Ð·Ð°Ñ‚Ð¾Ñ€ PostgreSQL ÑÐ°Ð¼ Ñ€ÐµÑˆÐ°ÐµÑ‚, ÐºÐ°Ðº Ð¿Ñ€Ð¸Ð¼ÐµÐ½ÑÑ‚ÑŒ Ð¸Ð½Ð´ÐµÐºÑ.

Ð˜ÑÐ¿Ð¾Ð»ÑŒÐ·ÑƒÐµÐ¼ B-tree Ñ Ð¸Ð½Ð´ÐµÐºÑÐ¾Ð¼ (town_from, time_out), Ð¸ Ð·Ð°Ð¿Ñ€Ð¾Ñ Ð½Ð°Ñ‡Ð¸Ð½Ð°ÐµÑ‚ Ñ€Ð°Ð±Ð¾Ñ‚Ð°Ñ‚ÑŒ Ð½Ð°Ð¼Ð½Ð¾Ð³Ð¾ Ð±Ñ‹ÑÑ‚Ñ€ÐµÐµ ðŸš€",True
122,33,"1. Ð˜ÑÐ¿Ð¾Ð»ÑŒÐ·ÑƒÐµÐ¼ B-tree. ÐŸÐ¾Ñ‚Ð¾Ð¼Ð¾Ñ‡Ñ‚Ð¾ Ð¾Ð½ Ð¸Ð´ÐµÐ°Ð»ÑŒÐ½Ð¾ Ð¿Ð¾Ð´Ñ…Ð¾Ð´Ð¸Ñ‚ Ð´Ð»Ñ Ñ‚Ð¾Ñ‡Ð½Ñ‹Ñ… ÑÑ€Ð°Ð²Ð½ÐµÐ½Ð¸Ð¹ (=) Ð¸ Ð´Ð¸Ð°Ð¿Ð°Ð·Ð¾Ð½Ð½Ñ‹Ñ… ÑƒÑÐ»Ð¾Ð²Ð¸Ð¹ (>=, <). Ð­Ñ‚Ð¾ ÑÑ‚Ð°Ð½Ð´Ð°Ñ€Ñ‚Ð½Ñ‹Ð¹ Ð¸Ð½Ð´ÐµÐºÑ, ÐºÐ¾Ñ‚Ð¾Ñ€Ñ‹Ð¹ PostgreSQL ÑƒÐ¼ÐµÐµÑ‚ ÑÑ„Ñ„ÐµÐºÑ‚Ð¸Ð²Ð½Ð¾ Ð¸ÑÐ¿Ð¾Ð»ÑŒÐ·Ð¾Ð²Ð°Ñ‚ÑŒ.
2. ÐšÐ°ÐºÐ°Ñ Ð¿Ð¾ÑÐ»ÐµÐ´Ð¾Ð²Ð°Ñ‚ÐµÐ»ÑŒÐ½Ð¾ÑÑ‚ÑŒ ÐºÐ¾Ð»Ð¾Ð½Ð¾Ðº Ð² Ð¸Ð½Ð´ÐµÐºÑÐµ?

CREATE INDEX idx_time_town ON trip (time_out, town_from);

Ð¿Ð¾Ñ‚Ð¾Ð¼Ñƒ Ñ‡Ñ‚Ð¾:
- Ð¤Ð¸Ð»ÑŒÑ‚Ñ€Ð°Ñ†Ð¸Ñ Ð¿Ð¾ time_out Ð¿ÐµÑ€Ð²Ð¾Ð¹ Ð¿Ð¾Ñ‚Ð¾Ð¼Ñƒ Ñ‡Ñ‚Ð¾ ÑÑ‚Ð¾ ÐºÐ°Ñ€Ð´Ð¸Ð½Ð°Ð»ÑŒÐ½Ð¾ ÑƒÐ¼ÐµÐ½ÑŒÑˆÐ°ÐµÑ‚ Ð²Ñ‹Ð±Ð¾Ñ€ÐºÑƒ, ÐµÑÐ»Ð¸ Ð² Ð±Ð°Ð·Ðµ ÐµÑÑ‚ÑŒ Ñ‚Ñ‹ÑÑÑ‡Ð¸ Ñ€Ð°Ð·Ð½Ñ‹Ñ… Ð²Ñ€ÐµÐ¼ÐµÐ½Ð½Ñ‹Ñ… Ð¸Ð½Ñ‚ÐµÑ€Ð²Ð°Ð»Ð¾Ð².
- Ð¤Ð¸Ð»ÑŒÑ‚Ñ€Ð°Ñ†Ð¸Ñ Ð¿Ð¾ town_from Ð¿Ð¾ÑÐ»Ðµ time_out Ñ€Ð°Ð±Ð¾Ñ‚Ð°ÐµÑ‚ Ð½Ð° Ð¾ÑÑ‚Ð°Ð²ÑˆÐµÐ¼ÑÑ Ð¿Ð¾Ð´Ð¼Ð½Ð¾Ð¶ÐµÑÑ‚Ð²Ðµ, Ñ‡Ñ‚Ð¾ Ð´Ð°Ñ‘Ñ‚ Ð¼Ð°ÐºÑÐ¸Ð¼Ð°Ð»ÑŒÐ½ÑƒÑŽ ÑÑ„Ñ„ÐµÐºÑ‚Ð¸Ð²Ð½Ð¾ÑÑ‚ÑŒ.

3. Ð¡Ñ‚Ð¾Ð¸Ñ‚ Ð»Ð¸ Ð¼ÐµÐ½ÑÑ‚ÑŒ Ð¿Ð¾Ñ€ÑÐ´Ð¾Ðº ÑƒÑÐ»Ð¾Ð²Ð¸Ð¹ Ð² WHERE?
âŒ ÐÐµÑ‚, Ð¿Ð¾Ñ€ÑÐ´Ð¾Ðº ÑƒÑÐ»Ð¾Ð²Ð¸Ð¹ Ð² Ð·Ð°Ð¿Ñ€Ð¾ÑÐµ Ð½Ðµ Ð²Ð»Ð¸ÑÐµÑ‚ Ð½Ð° Ð¸ÑÐ¿Ð¾Ð»ÑŒÐ·Ð¾Ð²Ð°Ð½Ð¸Ðµ Ð¸Ð½Ð´ÐµÐºÑÐ° â€“ Ð¾Ð¿Ñ‚Ð¸Ð¼Ð¸Ð·Ð°Ñ‚Ð¾Ñ€ PostgreSQL ÑÐ°Ð¼ Ñ€ÐµÑˆÐ°ÐµÑ‚, ÐºÐ°Ðº Ð¿Ñ€Ð¸Ð¼ÐµÐ½ÑÑ‚ÑŒ Ð¸Ð½Ð´ÐµÐºÑ.

Ð˜ÑÐ¿Ð¾Ð»ÑŒÐ·ÑƒÐµÐ¼ B-tree Ñ Ð¸Ð½Ð´ÐµÐºÑÐ¾Ð¼ (time_out, town_from), Ð¸ Ð·Ð°Ð¿Ñ€Ð¾Ñ Ð½Ð°Ñ‡Ð¸Ð½Ð°ÐµÑ‚ Ñ€Ð°Ð±Ð¾Ñ‚Ð°Ñ‚ÑŒ Ð½Ð°Ð¼Ð½Ð¾Ð³Ð¾ Ð±Ñ‹ÑÑ‚Ñ€ÐµÐµ ðŸš€",False
123,33,"1. Ð˜ÑÐ¿Ð¾Ð»ÑŒÐ·ÑƒÐµÐ¼ B-tree. ÐŸÐ¾Ñ‚Ð¾Ð¼Ð¾Ñ‡Ñ‚Ð¾ Ð¾Ð½ Ð¸Ð´ÐµÐ°Ð»ÑŒÐ½Ð¾ Ð¿Ð¾Ð´Ñ…Ð¾Ð´Ð¸Ñ‚ Ð´Ð»Ñ Ñ‚Ð¾Ñ‡Ð½Ñ‹Ñ… ÑÑ€Ð°Ð²Ð½ÐµÐ½Ð¸Ð¹ (=) Ð¸ Ð´Ð¸Ð°Ð¿Ð°Ð·Ð¾Ð½Ð½Ñ‹Ñ… ÑƒÑÐ»Ð¾Ð²Ð¸Ð¹ (>=, <). Ð­Ñ‚Ð¾ ÑÑ‚Ð°Ð½Ð´Ð°Ñ€Ñ‚Ð½Ñ‹Ð¹ Ð¸Ð½Ð´ÐµÐºÑ, ÐºÐ¾Ñ‚Ð¾Ñ€Ñ‹Ð¹ PostgreSQL ÑƒÐ¼ÐµÐµÑ‚ ÑÑ„Ñ„ÐµÐºÑ‚Ð¸Ð²Ð½Ð¾ Ð¸ÑÐ¿Ð¾Ð»ÑŒÐ·Ð¾Ð²Ð°Ñ‚ÑŒ.
2. ÐšÐ°ÐºÐ°Ñ Ð¿Ð¾ÑÐ»ÐµÐ´Ð¾Ð²Ð°Ñ‚ÐµÐ»ÑŒÐ½Ð¾ÑÑ‚ÑŒ ÐºÐ¾Ð»Ð¾Ð½Ð¾Ðº Ð² Ð¸Ð½Ð´ÐµÐºÑÐµ?

CREATE INDEX idx_town_time ON trip (town_from, time_out);

Ð¿Ð¾Ñ‚Ð¾Ð¼Ñƒ Ñ‡Ñ‚Ð¾:
- Ð¤Ð¸Ð»ÑŒÑ‚Ñ€Ð°Ñ†Ð¸Ñ Ð¿Ð¾ town_from Ð¿ÐµÑ€Ð²Ð¾Ð¹ Ð¿Ð¾Ñ‚Ð¾Ð¼Ñƒ Ñ‡Ñ‚Ð¾ ÑÑ‚Ð¾ ÐºÐ°Ñ€Ð´Ð¸Ð½Ð°Ð»ÑŒÐ½Ð¾ ÑƒÐ¼ÐµÐ½ÑŒÑˆÐ°ÐµÑ‚ Ð²Ñ‹Ð±Ð¾Ñ€ÐºÑƒ, ÐµÑÐ»Ð¸ Ð² Ð±Ð°Ð·Ðµ ÐµÑÑ‚ÑŒ Ñ‚Ñ‹ÑÑÑ‡Ð¸ Ñ€Ð°Ð·Ð½Ñ‹Ñ… Ð³Ð¾Ñ€Ð¾Ð´Ð¾Ð².
- Ð¤Ð¸Ð»ÑŒÑ‚Ñ€Ð°Ñ†Ð¸Ñ Ð¿Ð¾ time_out Ð¿Ð¾ÑÐ»Ðµ town_from Ñ€Ð°Ð±Ð¾Ñ‚Ð°ÐµÑ‚ Ð½Ð° Ð¾ÑÑ‚Ð°Ð²ÑˆÐµÐ¼ÑÑ Ð¿Ð¾Ð´Ð¼Ð½Ð¾Ð¶ÐµÑÑ‚Ð²Ðµ, Ñ‡Ñ‚Ð¾ Ð´Ð°Ñ‘Ñ‚ Ð¼Ð°ÐºÑÐ¸Ð¼Ð°Ð»ÑŒÐ½ÑƒÑŽ ÑÑ„Ñ„ÐµÐºÑ‚Ð¸Ð²Ð½Ð¾ÑÑ‚ÑŒ.

3. Ð¡Ñ‚Ð¾Ð¸Ñ‚ Ð»Ð¸ Ð¼ÐµÐ½ÑÑ‚ÑŒ Ð¿Ð¾Ñ€ÑÐ´Ð¾Ðº ÑƒÑÐ»Ð¾Ð²Ð¸Ð¹ Ð² WHERE?
âœ… Ð”Ð° Ð»ÑƒÑ‡ÑˆÐµ Ð¿Ð¾Ð¼ÐµÐ½ÑÑ‚ÑŒ Ð¿Ð¾Ñ€ÑÐ´Ð¾Ðº ÑƒÑÐ»Ð¾Ð²Ð¸Ð¹ Ð² Ð·Ð°Ð¿Ñ€Ð¾ÑÐµ Ð¸ Ð·Ð°Ð¾Ð´Ð½Ð¾ ÑÐ¾Ð·Ð´Ð°Ñ‚ÑŒ Ð·Ð°Ð¿Ñ€Ð¾Ñ Ð² Ñ‚Ð°ÐºÐ¾Ð¼ Ð¶Ðµ Ð¿Ð¾Ñ€ÑÐ´ÐºÐµ

Ð˜ÑÐ¿Ð¾Ð»ÑŒÐ·ÑƒÐµÐ¼ B-tree Ñ Ð¸Ð½Ð´ÐµÐºÑÐ¾Ð¼ (town_from, time_out), Ð¸ Ð·Ð°Ð¿Ñ€Ð¾Ñ Ð½Ð°Ñ‡Ð¸Ð½Ð°ÐµÑ‚ Ñ€Ð°Ð±Ð¾Ñ‚Ð°Ñ‚ÑŒ Ð½Ð°Ð¼Ð½Ð¾Ð³Ð¾ Ð±Ñ‹ÑÑ‚Ñ€ÐµÐµ ðŸš€",False
124,33,"1. Ð˜ÑÐ¿Ð¾Ð»ÑŒÐ·ÑƒÐµÐ¼ BRIN. ÐŸÐ¾Ñ‚Ð¾Ð¼Ð¾Ñ‡Ñ‚Ð¾ Ð¾Ð½ Ð¸Ð´ÐµÐ°Ð»ÑŒÐ½Ð¾ Ð¿Ð¾Ð´Ñ…Ð¾Ð´Ð¸Ñ‚ Ð´Ð»Ñ Ñ€Ð°Ð±Ð¾Ñ‚Ñ‹ Ñ Ð±Ð¾Ð»ÑŒÑˆÐ¸Ð¼Ð¸ Ñ‚Ð°Ð±Ð»Ð¸Ñ†Ð°Ð¼Ð¸, Ð³Ð´Ðµ Ð´Ð°Ð½Ð½Ñ‹Ðµ Ð¸Ð¼ÐµÑŽÑ‚ ÐµÑÑ‚ÐµÑÑ‚Ð²ÐµÐ½Ð½Ñ‹Ð¹ Ð¿Ð¾Ñ€ÑÐ´Ð¾Ðº, Ð° timestamp Ð¾Ñ‚Ð»Ð¸Ñ‡Ð½Ð¾ ÑƒÐºÐ»Ð°Ð´Ñ‹Ð²Ð°ÐµÑ‚ÑÑ Ð² ÑÑ‚Ð¾ Ð¾Ð¿Ñ€ÐµÐ´ÐµÐ»ÐµÐ½Ð¸Ðµ.
2. ÐšÐ°ÐºÐ°Ñ Ð¿Ð¾ÑÐ»ÐµÐ´Ð¾Ð²Ð°Ñ‚ÐµÐ»ÑŒÐ½Ð¾ÑÑ‚ÑŒ ÐºÐ¾Ð»Ð¾Ð½Ð¾Ðº Ð² Ð¸Ð½Ð´ÐµÐºÑÐµ?

CREATE INDEX idx_time_town ON trip (time_out, town_from);

Ð¿Ð¾Ñ‚Ð¾Ð¼Ñƒ Ñ‡Ñ‚Ð¾:
- Ð¤Ð¸Ð»ÑŒÑ‚Ñ€Ð°Ñ†Ð¸Ñ Ð¿Ð¾ time_out Ð¿ÐµÑ€Ð²Ð¾Ð¹ Ð¿Ð¾Ñ‚Ð¾Ð¼Ñƒ Ñ‡Ñ‚Ð¾ ÑÑ‚Ð¾ ÐºÐ°Ñ€Ð´Ð¸Ð½Ð°Ð»ÑŒÐ½Ð¾ ÑƒÐ¼ÐµÐ½ÑŒÑˆÐ°ÐµÑ‚ Ð²Ñ‹Ð±Ð¾Ñ€ÐºÑƒ, ÐµÑÐ»Ð¸ Ð² Ð±Ð°Ð·Ðµ ÐµÑÑ‚ÑŒ Ñ‚Ñ‹ÑÑÑ‡Ð¸ Ñ€Ð°Ð·Ð½Ñ‹Ñ… Ð²Ñ€ÐµÐ¼ÐµÐ½Ð½Ñ‹Ñ… Ð¸Ð½Ñ‚ÐµÑ€Ð²Ð°Ð»Ð¾Ð².
- Ð¤Ð¸Ð»ÑŒÑ‚Ñ€Ð°Ñ†Ð¸Ñ Ð¿Ð¾ town_from Ð¿Ð¾ÑÐ»Ðµ time_out Ñ€Ð°Ð±Ð¾Ñ‚Ð°ÐµÑ‚ Ð½Ð° Ð¾ÑÑ‚Ð°Ð²ÑˆÐµÐ¼ÑÑ Ð¿Ð¾Ð´Ð¼Ð½Ð¾Ð¶ÐµÑÑ‚Ð²Ðµ, Ñ‡Ñ‚Ð¾ Ð´Ð°Ñ‘Ñ‚ Ð¼Ð°ÐºÑÐ¸Ð¼Ð°Ð»ÑŒÐ½ÑƒÑŽ ÑÑ„Ñ„ÐµÐºÑ‚Ð¸Ð²Ð½Ð¾ÑÑ‚ÑŒ.

3. Ð¡Ñ‚Ð¾Ð¸Ñ‚ Ð»Ð¸ Ð¼ÐµÐ½ÑÑ‚ÑŒ Ð¿Ð¾Ñ€ÑÐ´Ð¾Ðº ÑƒÑÐ»Ð¾Ð²Ð¸Ð¹ Ð² WHERE?
âŒ ÐÐµÑ‚, Ð¿Ð¾Ñ€ÑÐ´Ð¾Ðº ÑƒÑÐ»Ð¾Ð²Ð¸Ð¹ Ð² Ð·Ð°Ð¿Ñ€Ð¾ÑÐµ Ð½Ðµ Ð²Ð»Ð¸ÑÐµÑ‚ Ð½Ð° Ð¸ÑÐ¿Ð¾Ð»ÑŒÐ·Ð¾Ð²Ð°Ð½Ð¸Ðµ Ð¸Ð½Ð´ÐµÐºÑÐ° â€“ Ð¾Ð¿Ñ‚Ð¸Ð¼Ð¸Ð·Ð°Ñ‚Ð¾Ñ€ PostgreSQL ÑÐ°Ð¼ Ñ€ÐµÑˆÐ°ÐµÑ‚, ÐºÐ°Ðº Ð¿Ñ€Ð¸Ð¼ÐµÐ½ÑÑ‚ÑŒ Ð¸Ð½Ð´ÐµÐºÑ.

Ð˜ÑÐ¿Ð¾Ð»ÑŒÐ·ÑƒÐµÐ¼ BRIN Ñ Ð¸Ð½Ð´ÐµÐºÑÐ¾Ð¼ (time_out, town_from), Ð¸ Ð·Ð°Ð¿Ñ€Ð¾Ñ Ð½Ð°Ñ‡Ð¸Ð½Ð°ÐµÑ‚ Ñ€Ð°Ð±Ð¾Ñ‚Ð°Ñ‚ÑŒ Ð½Ð°Ð¼Ð½Ð¾Ð³Ð¾ Ð±Ñ‹ÑÑ‚Ñ€ÐµÐµ ðŸš€",False
125,34,"CTE (Common Table Expression) â€“ ÑÑ‚Ð¾ Ñ‚Ð°ÐºÐ¾Ð¹ ""Ð¼Ð¸Ð½Ð¸-Ð·Ð°Ð¿Ñ€Ð¾Ñ"" Ð²Ð½ÑƒÑ‚Ñ€Ð¸ Ð¾ÑÐ½Ð¾Ð²Ð½Ð¾Ð³Ð¾ Ð·Ð°Ð¿Ñ€Ð¾ÑÐ°. Ð Ð°Ð±Ð¾Ñ‚Ð°ÐµÑ‚ Ñ‡ÐµÑ€ÐµÐ· WITH, ÑÐ¾Ð·Ð´Ð°Ð²Ð°Ñ Ð²Ñ€ÐµÐ¼ÐµÐ½Ð½ÑƒÑŽ Ñ‚Ð°Ð±Ð»Ð¸Ñ†Ñƒ, ÐºÐ¾Ñ‚Ð¾Ñ€Ð°Ñ ÑÑƒÑ‰ÐµÑÑ‚Ð²ÑƒÐµÑ‚ Ñ‚Ð¾Ð»ÑŒÐºÐ¾ Ð²Ð¾ Ð²Ñ€ÐµÐ¼Ñ Ð²Ñ‹Ð¿Ð¾Ð»Ð½ÐµÐ½Ð¸Ñ Ð·Ð°Ð¿Ñ€Ð¾ÑÐ°.
âœ… Ð£Ð»ÑƒÑ‡ÑˆÐ°ÐµÑ‚ Ñ‡Ð¸Ñ‚Ð°ÐµÐ¼Ð¾ÑÑ‚ÑŒ ÐºÐ¾Ð´Ð° â€“ Ð·Ð°Ð¿Ñ€Ð¾ÑÑ‹ ÑÑ‚Ð°Ð½Ð¾Ð²ÑÑ‚ÑÑ ÑÑ‚Ñ€ÑƒÐºÑ‚ÑƒÑ€Ð¸Ñ€Ð¾Ð²Ð°Ð½Ð½Ñ‹Ð¼Ð¸ Ð¸ Ð¿Ð¾Ð½ÑÑ‚Ð½Ñ‹Ð¼Ð¸.
âœ… ÐŸÐ¾Ð·Ð²Ð¾Ð»ÑÐµÑ‚ Ð¸Ð·Ð±ÐµÐ¶Ð°Ñ‚ÑŒ Ð´ÑƒÐ±Ð»Ð¸Ñ€Ð¾Ð²Ð°Ð½Ð¸Ñ Ð»Ð¾Ð³Ð¸ÐºÐ¸, ÐµÑÐ»Ð¸ Ð¾Ð´Ð¸Ð½ Ð¸ Ñ‚Ð¾Ñ‚ Ð¶Ðµ Ð¿Ð¾Ð´Ð·Ð°Ð¿Ñ€Ð¾Ñ Ð½ÑƒÐ¶ÐµÐ½ Ð½ÐµÑÐºÐ¾Ð»ÑŒÐºÐ¾ Ñ€Ð°Ð·.
âœ… Ð£Ð¿Ñ€Ð¾Ñ‰Ð°ÐµÑ‚ Ñ€Ð°Ð·Ð±Ð¸Ñ‚Ð¸Ðµ ÑÐ»Ð¾Ð¶Ð½Ñ‹Ñ… Ð²Ñ‹Ñ‡Ð¸ÑÐ»ÐµÐ½Ð¸Ð¹ Ð½Ð° Ð¾Ñ‚Ð´ÐµÐ»ÑŒÐ½Ñ‹Ðµ ÑˆÐ°Ð³Ð¸.
âš ï¸ Ð’Ð°Ð¶Ð½Ð¾:
- CTE Ð½Ðµ Ð²ÑÐµÐ³Ð´Ð° Ñ€Ð°Ð±Ð¾Ñ‚Ð°ÐµÑ‚ Ð±Ñ‹ÑÑ‚Ñ€ÐµÐµ Ð¿Ð¾Ð´Ð·Ð°Ð¿Ñ€Ð¾ÑÐ¾Ð² Ð¸Ð»Ð¸ JOIN â€“ Ð·Ð°Ð²Ð¸ÑÐ¸Ñ‚ Ð¾Ñ‚ ÐºÐ¾Ð½ÐºÑ€ÐµÑ‚Ð½Ð¾Ð³Ð¾ ÑÐ»ÑƒÑ‡Ð°Ñ.
- Ð•ÑÐ»Ð¸ CTE ÑÐ»Ð¸ÑˆÐºÐ¾Ð¼ Ð±Ð¾Ð»ÑŒÑˆÐ¾Ð¹, Ð»ÑƒÑ‡ÑˆÐµ Ð¸ÑÐ¿Ð¾Ð»ÑŒÐ·Ð¾Ð²Ð°Ñ‚ÑŒ Ð¸Ð½Ð´ÐµÐºÑÐ¸Ñ€Ð¾Ð²Ð°Ð½Ð½Ñ‹Ðµ Ð²Ñ€ÐµÐ¼ÐµÐ½Ð½Ñ‹Ðµ Ñ‚Ð°Ð±Ð»Ð¸Ñ†Ñ‹ Ð¸Ð»Ð¸ Ð¼Ð°Ñ‚ÐµÑ€Ð¸Ð°Ð»Ð¸Ð·Ð¾Ð²Ð°Ð½Ð½Ñ‹Ðµ CTE (MATERIALIZED Ð² PostgreSQL 12+)",True
126,34,"CTE (Common Table Expression) â€“ ÑÑ‚Ð¾ Ð²Ñ€ÐµÐ¼ÐµÐ½Ð½Ð°Ñ Ñ‚Ð°Ð±Ð»Ð¸Ñ†Ð°, ÐºÐ¾Ñ‚Ð¾Ñ€Ð°Ñ ÑÐ¾Ð·Ð´Ð°ÐµÑ‚ÑÑ Ñ Ð¿Ð¾Ð¼Ð¾Ñ‰ÑŒÑŽ ÐºÐ¾Ð¼Ð°Ð½Ð´Ñ‹ CREATE TEMP TABLE Ð¸ ÑÑƒÑ‰ÐµÑÑ‚Ð²ÑƒÐµÑ‚ Ñ‚Ð¾Ð»ÑŒÐºÐ¾ Ð²Ð¾ Ð²Ñ€ÐµÐ¼Ñ Ð²Ñ‹Ð¿Ð¾Ð»Ð½ÐµÐ½Ð¸Ñ Ð·Ð°Ð¿Ñ€Ð¾ÑÐ°.
âœ… Ð£Ð»ÑƒÑ‡ÑˆÐ°ÐµÑ‚ Ñ‡Ð¸Ñ‚Ð°ÐµÐ¼Ð¾ÑÑ‚ÑŒ ÐºÐ¾Ð´Ð° â€“ Ð·Ð°Ð¿Ñ€Ð¾ÑÑ‹ ÑÑ‚Ð°Ð½Ð¾Ð²ÑÑ‚ÑÑ ÑÑ‚Ñ€ÑƒÐºÑ‚ÑƒÑ€Ð¸Ñ€Ð¾Ð²Ð°Ð½Ð½Ñ‹Ð¼Ð¸ Ð¸ Ð¿Ð¾Ð½ÑÑ‚Ð½Ñ‹Ð¼Ð¸.
âœ… ÐŸÐ¾Ð·Ð²Ð¾Ð»ÑÐµÑ‚ Ð¸Ð·Ð±ÐµÐ¶Ð°Ñ‚ÑŒ Ð´ÑƒÐ±Ð»Ð¸Ñ€Ð¾Ð²Ð°Ð½Ð¸Ñ Ð»Ð¾Ð³Ð¸ÐºÐ¸, ÐµÑÐ»Ð¸ Ð¾Ð´Ð¸Ð½ Ð¸ Ñ‚Ð¾Ñ‚ Ð¶Ðµ Ð¿Ð¾Ð´Ð·Ð°Ð¿Ñ€Ð¾Ñ Ð½ÑƒÐ¶ÐµÐ½ Ð½ÐµÑÐºÐ¾Ð»ÑŒÐºÐ¾ Ñ€Ð°Ð·.
âœ… Ð£Ð¿Ñ€Ð¾Ñ‰Ð°ÐµÑ‚ Ñ€Ð°Ð·Ð±Ð¸Ñ‚Ð¸Ðµ ÑÐ»Ð¾Ð¶Ð½Ñ‹Ñ… Ð²Ñ‹Ñ‡Ð¸ÑÐ»ÐµÐ½Ð¸Ð¹ Ð½Ð° Ð¾Ñ‚Ð´ÐµÐ»ÑŒÐ½Ñ‹Ðµ ÑˆÐ°Ð³Ð¸.
âš ï¸ Ð’Ð°Ð¶Ð½Ð¾:
- CTE Ð²ÑÐµÐ³Ð´Ð° Ñ€Ð°Ð±Ð¾Ñ‚Ð°ÐµÑ‚ Ð±Ñ‹ÑÑ‚Ñ€ÐµÐµ Ð¿Ð¾Ð´Ð·Ð°Ð¿Ñ€Ð¾ÑÐ¾Ð² Ð¸Ð»Ð¸ JOIN.
- Ð•ÑÐ»Ð¸ CTE ÑÐ»Ð¸ÑˆÐºÐ¾Ð¼ Ð±Ð¾Ð»ÑŒÑˆÐ¾Ð¹, Ð»ÑƒÑ‡ÑˆÐµ Ð¸ÑÐ¿Ð¾Ð»ÑŒÐ·Ð¾Ð²Ð°Ñ‚ÑŒ Ð¸Ð½Ð´ÐµÐºÑÐ¸Ñ€Ð¾Ð²Ð°Ð½Ð½Ñ‹Ðµ Ð²Ñ€ÐµÐ¼ÐµÐ½Ð½Ñ‹Ðµ Ñ‚Ð°Ð±Ð»Ð¸Ñ†Ñ‹.",False
127,34,"CTE (Common Table Expression) â€“ ÑÑ‚Ð¾ Ð¿Ð¾Ð´Ð·Ð°Ð¿Ñ€Ð¾Ñ, ÐºÐ¾Ñ‚Ð¾Ñ€Ñ‹Ð¹ Ð²Ñ‹Ð¿Ð¾Ð»Ð½ÑÐµÑ‚ÑÑ Ð´Ð¾ Ð¾ÑÐ½Ð¾Ð²Ð½Ð¾Ð³Ð¾ Ð·Ð°Ð¿Ñ€Ð¾ÑÐ° Ð¸ Ð¸ÑÐ¿Ð¾Ð»ÑŒÐ·ÑƒÐµÑ‚ÑÑ Ð´Ð»Ñ ÑÐ¾Ð·Ð´Ð°Ð½Ð¸Ñ Ð²Ñ€ÐµÐ¼ÐµÐ½Ð½Ð¾Ð¹ Ñ‚Ð°Ð±Ð»Ð¸Ñ†Ñ‹, ÐºÐ¾Ñ‚Ð¾Ñ€Ð°Ñ ÑÑƒÑ‰ÐµÑÑ‚Ð²ÑƒÐµÑ‚ Ñ‚Ð¾Ð»ÑŒÐºÐ¾ Ð²Ð¾ Ð²Ñ€ÐµÐ¼Ñ Ð²Ñ‹Ð¿Ð¾Ð»Ð½ÐµÐ½Ð¸Ñ Ð·Ð°Ð¿Ñ€Ð¾ÑÐ°.
âœ… Ð£Ð»ÑƒÑ‡ÑˆÐ°ÐµÑ‚ Ñ‡Ð¸Ñ‚Ð°ÐµÐ¼Ð¾ÑÑ‚ÑŒ ÐºÐ¾Ð´Ð° â€“ Ð·Ð°Ð¿Ñ€Ð¾ÑÑ‹ ÑÑ‚Ð°Ð½Ð¾Ð²ÑÑ‚ÑÑ ÑÑ‚Ñ€ÑƒÐºÑ‚ÑƒÑ€Ð¸Ñ€Ð¾Ð²Ð°Ð½Ð½Ñ‹Ð¼Ð¸ Ð¸ Ð¿Ð¾Ð½ÑÑ‚Ð½Ñ‹Ð¼Ð¸.
âœ… ÐŸÐ¾Ð·Ð²Ð¾Ð»ÑÐµÑ‚ Ð¸Ð·Ð±ÐµÐ¶Ð°Ñ‚ÑŒ Ð´ÑƒÐ±Ð»Ð¸Ñ€Ð¾Ð²Ð°Ð½Ð¸Ñ Ð»Ð¾Ð³Ð¸ÐºÐ¸, ÐµÑÐ»Ð¸ Ð¾Ð´Ð¸Ð½ Ð¸ Ñ‚Ð¾Ñ‚ Ð¶Ðµ Ð¿Ð¾Ð´Ð·Ð°Ð¿Ñ€Ð¾Ñ Ð½ÑƒÐ¶ÐµÐ½ Ð½ÐµÑÐºÐ¾Ð»ÑŒÐºÐ¾ Ñ€Ð°Ð·.
âœ… Ð£Ð¿Ñ€Ð¾Ñ‰Ð°ÐµÑ‚ Ñ€Ð°Ð·Ð±Ð¸Ñ‚Ð¸Ðµ ÑÐ»Ð¾Ð¶Ð½Ñ‹Ñ… Ð²Ñ‹Ñ‡Ð¸ÑÐ»ÐµÐ½Ð¸Ð¹ Ð½Ð° Ð¾Ñ‚Ð´ÐµÐ»ÑŒÐ½Ñ‹Ðµ ÑˆÐ°Ð³Ð¸.
âš ï¸ Ð’Ð°Ð¶Ð½Ð¾:
- CTE Ð²ÑÐµÐ³Ð´Ð° Ñ€Ð°Ð±Ð¾Ñ‚Ð°ÐµÑ‚ Ð±Ñ‹ÑÑ‚Ñ€ÐµÐµ Ð¿Ð¾Ð´Ð·Ð°Ð¿Ñ€Ð¾ÑÐ¾Ð² Ð¸Ð»Ð¸ JOIN.
- Ð•ÑÐ»Ð¸ CTE ÑÐ»Ð¸ÑˆÐºÐ¾Ð¼ Ð±Ð¾Ð»ÑŒÑˆÐ¾Ð¹, Ð»ÑƒÑ‡ÑˆÐµ Ð¸ÑÐ¿Ð¾Ð»ÑŒÐ·Ð¾Ð²Ð°Ñ‚ÑŒ Ð¸Ð½Ð´ÐµÐºÑÐ¸Ñ€Ð¾Ð²Ð°Ð½Ð½Ñ‹Ðµ Ð²Ñ€ÐµÐ¼ÐµÐ½Ð½Ñ‹Ðµ Ñ‚Ð°Ð±Ð»Ð¸Ñ†Ñ‹.",False
128,34,"CTE (Common Table Expression) â€“ ÑÑ‚Ð¾ Ð¿Ð¾Ð´Ð·Ð°Ð¿Ñ€Ð¾Ñ, ÐºÐ¾Ñ‚Ð¾Ñ€Ñ‹Ð¹ Ð²Ñ‹Ð¿Ð¾Ð»Ð½ÑÐµÑ‚ÑÑ Ð¿Ð¾ÑÐ»Ðµ Ð¾ÑÐ½Ð¾Ð²Ð½Ð¾Ð³Ð¾ Ð·Ð°Ð¿Ñ€Ð¾ÑÐ° Ð¸ Ð¸ÑÐ¿Ð¾Ð»ÑŒÐ·ÑƒÐµÑ‚ÑÑ Ð´Ð»Ñ ÑÐ¾Ð·Ð´Ð°Ð½Ð¸Ñ Ð²Ñ€ÐµÐ¼ÐµÐ½Ð½Ð¾Ð¹ Ñ‚Ð°Ð±Ð»Ð¸Ñ†Ñ‹, ÐºÐ¾Ñ‚Ð¾Ñ€Ð°Ñ ÑÑƒÑ‰ÐµÑÑ‚Ð²ÑƒÐµÑ‚ Ñ‚Ð¾Ð»ÑŒÐºÐ¾ Ð²Ð¾ Ð²Ñ€ÐµÐ¼Ñ Ð²Ñ‹Ð¿Ð¾Ð»Ð½ÐµÐ½Ð¸Ñ Ð·Ð°Ð¿Ñ€Ð¾ÑÐ°.
âœ… Ð£Ð»ÑƒÑ‡ÑˆÐ°ÐµÑ‚ Ñ‡Ð¸Ñ‚Ð°ÐµÐ¼Ð¾ÑÑ‚ÑŒ ÐºÐ¾Ð´Ð° â€“ Ð·Ð°Ð¿Ñ€Ð¾ÑÑ‹ ÑÑ‚Ð°Ð½Ð¾Ð²ÑÑ‚ÑÑ ÑÑ‚Ñ€ÑƒÐºÑ‚ÑƒÑ€Ð¸Ñ€Ð¾Ð²Ð°Ð½Ð½Ñ‹Ð¼Ð¸ Ð¸ Ð¿Ð¾Ð½ÑÑ‚Ð½Ñ‹Ð¼Ð¸.
âœ… ÐŸÐ¾Ð·Ð²Ð¾Ð»ÑÐµÑ‚ Ð¸Ð·Ð±ÐµÐ¶Ð°Ñ‚ÑŒ Ð´ÑƒÐ±Ð»Ð¸Ñ€Ð¾Ð²Ð°Ð½Ð¸Ñ Ð»Ð¾Ð³Ð¸ÐºÐ¸, ÐµÑÐ»Ð¸ Ð¾Ð´Ð¸Ð½ Ð¸ Ñ‚Ð¾Ñ‚ Ð¶Ðµ Ð¿Ð¾Ð´Ð·Ð°Ð¿Ñ€Ð¾Ñ Ð½ÑƒÐ¶ÐµÐ½ Ð½ÐµÑÐºÐ¾Ð»ÑŒÐºÐ¾ Ñ€Ð°Ð·.
âœ… Ð£Ð¿Ñ€Ð¾Ñ‰Ð°ÐµÑ‚ Ñ€Ð°Ð·Ð±Ð¸Ñ‚Ð¸Ðµ ÑÐ»Ð¾Ð¶Ð½Ñ‹Ñ… Ð²Ñ‹Ñ‡Ð¸ÑÐ»ÐµÐ½Ð¸Ð¹ Ð½Ð° Ð¾Ñ‚Ð´ÐµÐ»ÑŒÐ½Ñ‹Ðµ ÑˆÐ°Ð³Ð¸.
âš ï¸ Ð’Ð°Ð¶Ð½Ð¾:
- CTE Ð½Ðµ Ð²ÑÐµÐ³Ð´Ð° Ñ€Ð°Ð±Ð¾Ñ‚Ð°ÐµÑ‚ Ð±Ñ‹ÑÑ‚Ñ€ÐµÐµ Ð¿Ð¾Ð´Ð·Ð°Ð¿Ñ€Ð¾ÑÐ¾Ð² Ð¸Ð»Ð¸ JOIN â€“ Ð·Ð°Ð²Ð¸ÑÐ¸Ñ‚ Ð¾Ñ‚ ÐºÐ¾Ð½ÐºÑ€ÐµÑ‚Ð½Ð¾Ð³Ð¾ ÑÐ»ÑƒÑ‡Ð°Ñ.
- Ð•ÑÐ»Ð¸ CTE ÑÐ»Ð¸ÑˆÐºÐ¾Ð¼ Ð±Ð¾Ð»ÑŒÑˆÐ¾Ð¹, Ð»ÑƒÑ‡ÑˆÐµ Ð¸ÑÐ¿Ð¾Ð»ÑŒÐ·Ð¾Ð²Ð°Ñ‚ÑŒ Ð¸Ð½Ð´ÐµÐºÑÐ¸Ñ€Ð¾Ð²Ð°Ð½Ð½Ñ‹Ðµ Ð²Ñ€ÐµÐ¼ÐµÐ½Ð½Ñ‹Ðµ Ñ‚Ð°Ð±Ð»Ð¸Ñ†Ñ‹ Ð¸Ð»Ð¸ Ð¼Ð°Ñ‚ÐµÑ€Ð¸Ð°Ð»Ð¸Ð·Ð¾Ð²Ð°Ð½Ð½Ñ‹Ðµ CTE (MATERIALIZED Ð² PostgreSQL 12+)",False
129,35,"EXPLAIN â€“ ÑÑ‚Ð¾ Ð¸Ð½ÑÑ‚Ñ€ÑƒÐ¼ÐµÐ½Ñ‚ Ð´Ð»Ñ Ð°Ð½Ð°Ð»Ð¸Ð·Ð° Ð·Ð°Ð¿Ñ€Ð¾ÑÐ¾Ð², ÐºÐ¾Ñ‚Ð¾Ñ€Ñ‹Ð¹ Ð¿Ð¾ÐºÐ°Ð·Ñ‹Ð²Ð°ÐµÑ‚, ÐºÐ°Ðº Ð¸Ð¼ÐµÐ½Ð½Ð¾ PostgreSQL Ð±ÑƒÐ´ÐµÑ‚ Ð¸Ñ… Ð²Ñ‹Ð¿Ð¾Ð»Ð½ÑÑ‚ÑŒ. ÐžÐ½ Ð¿Ð¾Ð¼Ð¾Ð³Ð°ÐµÑ‚ Ð¿Ð¾Ð½ÑÑ‚ÑŒ, ÐºÐ°ÐºÐ¸Ðµ Ð¸Ð½Ð´ÐµÐºÑÑ‹ Ð¸ÑÐ¿Ð¾Ð»ÑŒÐ·ÑƒÑŽÑ‚ÑÑ, ÑÐºÐ¾Ð»ÑŒÐºÐ¾ ÑÑ‚Ñ€Ð¾Ðº ÑÐºÐ°Ð½Ð¸Ñ€ÑƒÐµÑ‚ÑÑ Ð¸ Ð³Ð´Ðµ Ð¼Ð¾Ð¶ÐµÑ‚ Ð±Ñ‹Ñ‚ÑŒ ÑƒÐ·ÐºÐ¾Ðµ Ð¼ÐµÑÑ‚Ð¾.
âœ… ÐŸÐ¾Ð¼Ð¾Ð³Ð°ÐµÑ‚ Ð¾Ð¿Ñ‚Ð¸Ð¼Ð¸Ð·Ð¸Ñ€Ð¾Ð²Ð°Ñ‚ÑŒ Ð·Ð°Ð¿Ñ€Ð¾ÑÑ‹, Ð½Ð°Ñ…Ð¾Ð´Ñ ÑÐ°Ð¼Ñ‹Ðµ Ð·Ð°Ñ‚Ñ€Ð°Ñ‚Ð½Ñ‹Ðµ Ð¾Ð¿ÐµÑ€Ð°Ñ†Ð¸Ð¸.
âœ… ÐŸÐ¾ÐºÐ°Ð·Ñ‹Ð²Ð°ÐµÑ‚ Ð¿Ð»Ð°Ð½ Ð²Ñ‹Ð¿Ð¾Ð»Ð½ÐµÐ½Ð¸Ñ Ð·Ð°Ð¿Ñ€Ð¾ÑÐ°, Ð²ÐºÐ»ÑŽÑ‡Ð°Ñ Ñ‚Ð¸Ð¿Ñ‹ ÑÐºÐ°Ð½Ð¸Ñ€Ð¾Ð²Ð°Ð½Ð¸Ñ (Seq Scan, Index Scan, Bitmap Heap Scan).
âœ… Ð”Ð°Ñ‘Ñ‚ Ð²Ð¾Ð·Ð¼Ð¾Ð¶Ð½Ð¾ÑÑ‚ÑŒ Ð¾Ñ†ÐµÐ½Ð¸Ñ‚ÑŒ ÑÑ‚Ð¾Ð¸Ð¼Ð¾ÑÑ‚ÑŒ Ð²Ñ‹Ð¿Ð¾Ð»Ð½ÐµÐ½Ð¸Ñ (cost), ÐºÐ¾Ñ‚Ð¾Ñ€Ð°Ñ Ð¿Ð¾Ð¼Ð¾Ð³Ð°ÐµÑ‚ Ð²Ñ‹Ð±Ñ€Ð°Ñ‚ÑŒ Ð»ÑƒÑ‡ÑˆÐ¸Ð¹ Ð²Ð°Ñ€Ð¸Ð°Ð½Ñ‚ Ð¸Ð½Ð´ÐµÐºÑÐ°Ñ†Ð¸Ð¸",True
130,35,"EXPLAIN â€“ ÑÑ‚Ð¾ Ð¸Ð½ÑÑ‚Ñ€ÑƒÐ¼ÐµÐ½Ñ‚ Ð´Ð»Ñ Ð°Ð½Ð°Ð»Ð¸Ð·Ð° Ð·Ð°Ð¿Ñ€Ð¾ÑÐ¾Ð², ÐºÐ¾Ñ‚Ð¾Ñ€Ñ‹Ð¹ Ð¿Ð¾ÐºÐ°Ð·Ñ‹Ð²Ð°ÐµÑ‚, ÐºÐ°Ðº Ð¸Ð¼ÐµÐ½Ð½Ð¾ PostgreSQL Ð±ÑƒÐ´ÐµÑ‚ Ð¸Ñ… Ð²Ñ‹Ð¿Ð¾Ð»Ð½ÑÑ‚ÑŒ. ÐžÐ½ Ð¿Ð¾Ð¼Ð¾Ð³Ð°ÐµÑ‚ Ð¿Ð¾Ð½ÑÑ‚ÑŒ, ÐºÐ°ÐºÐ¸Ðµ Ð¸Ð½Ð´ÐµÐºÑÑ‹ Ð¸ÑÐ¿Ð¾Ð»ÑŒÐ·ÑƒÑŽÑ‚ÑÑ, ÑÐºÐ¾Ð»ÑŒÐºÐ¾ ÑÑ‚Ñ€Ð¾Ðº ÑÐºÐ°Ð½Ð¸Ñ€ÑƒÐµÑ‚ÑÑ Ð¸ Ð³Ð´Ðµ Ð¼Ð¾Ð¶ÐµÑ‚ Ð±Ñ‹Ñ‚ÑŒ ÑƒÐ·ÐºÐ¾Ðµ Ð¼ÐµÑÑ‚Ð¾.
âœ… ÐŸÐ¾Ð¼Ð¾Ð³Ð°ÐµÑ‚ Ð¾Ð¿Ñ‚Ð¸Ð¼Ð¸Ð·Ð¸Ñ€Ð¾Ð²Ð°Ñ‚ÑŒ Ð·Ð°Ð¿Ñ€Ð¾ÑÑ‹, Ð½Ð°Ñ…Ð¾Ð´Ñ ÑÐ°Ð¼Ñ‹Ðµ Ð·Ð°Ñ‚Ñ€Ð°Ñ‚Ð½Ñ‹Ðµ Ð¾Ð¿ÐµÑ€Ð°Ñ†Ð¸Ð¸.
âœ… ÐŸÐ¾ÐºÐ°Ð·Ñ‹Ð²Ð°ÐµÑ‚ Ñ€ÐµÐ°Ð»ÑŒÐ½Ð¾Ðµ Ð²Ñ€ÐµÐ¼Ñ Ð²Ñ‹Ð¿Ð¾Ð»Ð½ÐµÐ½Ð¸Ñ ÐºÐ°Ð¶Ð´Ð¾Ð³Ð¾ ÑˆÐ°Ð³Ð° Ð·Ð°Ð¿Ñ€Ð¾ÑÐ°, Ð²ÐºÐ»ÑŽÑ‡Ð°Ñ Ñ‚Ð¸Ð¿Ñ‹ ÑÐºÐ°Ð½Ð¸Ñ€Ð¾Ð²Ð°Ð½Ð¸Ñ (Seq Scan, Index Scan, Bitmap Heap Scan).
âŒ ÐÐµ Ð´Ð°Ñ‘Ñ‚ Ð²Ð¾Ð·Ð¼Ð¾Ð¶Ð½Ð¾ÑÑ‚Ð¸ Ð¾Ñ†ÐµÐ½Ð¸Ñ‚ÑŒ ÑÑ‚Ð¾Ð¸Ð¼Ð¾ÑÑ‚ÑŒ Ð²Ñ‹Ð¿Ð¾Ð»Ð½ÐµÐ½Ð¸Ñ (cost), Ð½Ð¾ Ð¿Ð¾Ð¼Ð¾Ð³Ð°ÐµÑ‚ Ð²Ñ‹Ð±Ñ€Ð°Ñ‚ÑŒ Ð»ÑƒÑ‡ÑˆÐ¸Ð¹ Ð²Ð°Ñ€Ð¸Ð°Ð½Ñ‚ Ð¸Ð½Ð´ÐµÐºÑÐ°Ñ†Ð¸Ð¸ Ð¿Ð¾ Ð²Ñ€ÐµÐ¼ÐµÐ½Ð¸",False
131,35,"EXPLAIN â€“ ÑÑ‚Ð¾ Ð¸Ð½ÑÑ‚Ñ€ÑƒÐ¼ÐµÐ½Ñ‚ Ð´Ð»Ñ Ð°Ð½Ð°Ð»Ð¸Ð·Ð° Ð·Ð°Ð¿Ñ€Ð¾ÑÐ¾Ð², ÐºÐ¾Ñ‚Ð¾Ñ€Ñ‹Ð¹ Ð¿Ð¾ÐºÐ°Ð·Ñ‹Ð²Ð°ÐµÑ‚, ÐºÐ°Ðº Ð¸Ð¼ÐµÐ½Ð½Ð¾ PostgreSQL Ð±ÑƒÐ´ÐµÑ‚ Ð¸Ñ… Ð²Ñ‹Ð¿Ð¾Ð»Ð½ÑÑ‚ÑŒ. ÐžÐ½ Ð¿Ð¾Ð¼Ð¾Ð³Ð°ÐµÑ‚ Ð¿Ð¾Ð½ÑÑ‚ÑŒ, ÐºÐ°ÐºÐ¸Ðµ Ð¸Ð½Ð´ÐµÐºÑÑ‹ Ð¸ÑÐ¿Ð¾Ð»ÑŒÐ·ÑƒÑŽÑ‚ÑÑ, ÑÐºÐ¾Ð»ÑŒÐºÐ¾ ÑÑ‚Ñ€Ð¾Ðº ÑÐºÐ°Ð½Ð¸Ñ€ÑƒÐµÑ‚ÑÑ Ð¸ Ð³Ð´Ðµ Ð¼Ð¾Ð¶ÐµÑ‚ Ð±Ñ‹Ñ‚ÑŒ ÑƒÐ·ÐºÐ¾Ðµ Ð¼ÐµÑÑ‚Ð¾.
âœ… ÐŸÐ¾Ð¼Ð¾Ð³Ð°ÐµÑ‚ Ð¾Ð¿Ñ‚Ð¸Ð¼Ð¸Ð·Ð¸Ñ€Ð¾Ð²Ð°Ñ‚ÑŒ Ð·Ð°Ð¿Ñ€Ð¾ÑÑ‹, Ð½Ð°Ñ…Ð¾Ð´Ñ ÑÐ°Ð¼Ñ‹Ðµ Ð·Ð°Ñ‚Ñ€Ð°Ñ‚Ð½Ñ‹Ðµ Ð¾Ð¿ÐµÑ€Ð°Ñ†Ð¸Ð¸.
âœ… ÐŸÐ¾ÐºÐ°Ð·Ñ‹Ð²Ð°ÐµÑ‚ Ñ€ÐµÐ°Ð»ÑŒÐ½Ð¾Ðµ Ð²Ñ€ÐµÐ¼Ñ Ð²Ñ‹Ð¿Ð¾Ð»Ð½ÐµÐ½Ð¸Ñ ÐºÐ°Ð¶Ð´Ð¾Ð³Ð¾ ÑˆÐ°Ð³Ð° Ð·Ð°Ð¿Ñ€Ð¾ÑÐ°, Ð²ÐºÐ»ÑŽÑ‡Ð°Ñ Ñ‚Ð¸Ð¿Ñ‹ ÑÐºÐ°Ð½Ð¸Ñ€Ð¾Ð²Ð°Ð½Ð¸Ñ (Seq Scan, Index Scan, Bitmap Heap Scan).
âœ… Ð”Ð°Ñ‘Ñ‚ Ð²Ð¾Ð·Ð¼Ð¾Ð¶Ð½Ð¾ÑÑ‚ÑŒ Ð¾Ñ†ÐµÐ½Ð¸Ñ‚ÑŒ ÑÑ‚Ð¾Ð¸Ð¼Ð¾ÑÑ‚ÑŒ Ð²Ñ‹Ð¿Ð¾Ð»Ð½ÐµÐ½Ð¸Ñ (cost), ÐºÐ¾Ñ‚Ð¾Ñ€Ð°Ñ Ð¿Ð¾Ð¼Ð¾Ð³Ð°ÐµÑ‚ Ð²Ñ‹Ð±Ñ€Ð°Ñ‚ÑŒ Ð»ÑƒÑ‡ÑˆÐ¸Ð¹ Ð²Ð°Ñ€Ð¸Ð°Ð½Ñ‚ Ð¸Ð½Ð´ÐµÐºÑÐ°Ñ†Ð¸Ð¸",False
132,35,"EXPLAIN â€“ ÑÑ‚Ð¾ Ð¸Ð½ÑÑ‚Ñ€ÑƒÐ¼ÐµÐ½Ñ‚ Ð´Ð»Ñ Ð°Ð½Ð°Ð»Ð¸Ð·Ð° Ð·Ð°Ð¿Ñ€Ð¾ÑÐ¾Ð², ÐºÐ¾Ñ‚Ð¾Ñ€Ñ‹Ð¹ Ð¿Ð¾ÐºÐ°Ð·Ñ‹Ð²Ð°ÐµÑ‚, ÐºÐ°Ðº Ð¸Ð¼ÐµÐ½Ð½Ð¾ PostgreSQL Ð±ÑƒÐ´ÐµÑ‚ Ð¸Ñ… Ð²Ñ‹Ð¿Ð¾Ð»Ð½ÑÑ‚ÑŒ. ÐžÐ½ Ð¿Ð¾Ð¼Ð¾Ð³Ð°ÐµÑ‚ Ð¿Ð¾Ð½ÑÑ‚ÑŒ, ÐºÐ°ÐºÐ¸Ðµ Ð¸Ð½Ð´ÐµÐºÑÑ‹ Ð¸ÑÐ¿Ð¾Ð»ÑŒÐ·ÑƒÑŽÑ‚ÑÑ, ÑÐºÐ¾Ð»ÑŒÐºÐ¾ ÑÑ‚Ñ€Ð¾Ðº ÑÐºÐ°Ð½Ð¸Ñ€ÑƒÐµÑ‚ÑÑ Ð¸ Ð³Ð´Ðµ Ð¼Ð¾Ð¶ÐµÑ‚ Ð±Ñ‹Ñ‚ÑŒ ÑƒÐ·ÐºÐ¾Ðµ Ð¼ÐµÑÑ‚Ð¾.
âœ… ÐŸÐ¾Ð¼Ð¾Ð³Ð°ÐµÑ‚ Ð¾Ð¿Ñ‚Ð¸Ð¼Ð¸Ð·Ð¸Ñ€Ð¾Ð²Ð°Ñ‚ÑŒ Ð·Ð°Ð¿Ñ€Ð¾ÑÑ‹, Ð½Ð°Ñ…Ð¾Ð´Ñ ÑÐ°Ð¼Ñ‹Ðµ Ð·Ð°Ñ‚Ñ€Ð°Ñ‚Ð½Ñ‹Ðµ Ð¾Ð¿ÐµÑ€Ð°Ñ†Ð¸Ð¸.
âœ… ÐŸÐ¾ÐºÐ°Ð·Ñ‹Ð²Ð°ÐµÑ‚ Ð¿Ð»Ð°Ð½ Ð²Ñ‹Ð¿Ð¾Ð»Ð½ÐµÐ½Ð¸Ñ Ð·Ð°Ð¿Ñ€Ð¾ÑÐ°, Ð½Ðµ Ð²ÐºÐ»ÑŽÑ‡Ð°Ñ Ñ‚Ð¸Ð¿Ñ‹ ÑÐºÐ°Ð½Ð¸Ñ€Ð¾Ð²Ð°Ð½Ð¸Ñ 
âœ… Ð”Ð°Ñ‘Ñ‚ Ð²Ð¾Ð·Ð¼Ð¾Ð¶Ð½Ð¾ÑÑ‚ÑŒ Ð¾Ñ†ÐµÐ½Ð¸Ñ‚ÑŒ ÑÑ‚Ð¾Ð¸Ð¼Ð¾ÑÑ‚ÑŒ Ð²Ñ‹Ð¿Ð¾Ð»Ð½ÐµÐ½Ð¸Ñ (cost), ÐºÐ¾Ñ‚Ð¾Ñ€Ð°Ñ Ð¿Ð¾Ð¼Ð¾Ð³Ð°ÐµÑ‚ Ð²Ñ‹Ð±Ñ€Ð°Ñ‚ÑŒ Ð»ÑƒÑ‡ÑˆÐ¸Ð¹ Ð²Ð°Ñ€Ð¸Ð°Ð½Ñ‚ Ð¸Ð½Ð´ÐµÐºÑÐ°Ñ†Ð¸Ð¸",False
133,36,"Ð’ PostgreSQL ÐµÑÑ‚ÑŒ Ñ‚Ñ€Ð¸ Ð¾ÑÐ½Ð¾Ð²Ð½Ñ‹Ñ… Ð°Ð»Ð³Ð¾Ñ€Ð¸Ñ‚Ð¼Ð° ÑÐ¾ÐµÐ´Ð¸Ð½ÐµÐ½Ð¸Ñ (JOIN):
1. Nested Loop Join (Ð²Ð»Ð¾Ð¶ÐµÐ½Ð½Ñ‹Ðµ Ñ†Ð¸ÐºÐ»Ñ‹)
â€“ Ð Ð°Ð±Ð¾Ñ‚Ð°ÐµÑ‚, ÐºÐ°Ðº Ð²Ð»Ð¾Ð¶ÐµÐ½Ð½Ñ‹Ð¹ FOR Ð² ÐºÐ¾Ð´Ðµ: Ð±ÐµÑ€Ñ‘Ð¼ ÐºÐ°Ð¶Ð´ÑƒÑŽ ÑÑ‚Ñ€Ð¾ÐºÑƒ Ð¸Ð· Ð¾Ð´Ð½Ð¾Ð¹ Ñ‚Ð°Ð±Ð»Ð¸Ñ†Ñ‹ Ð¸ Ð¸Ñ‰ÐµÐ¼ ÑÐ¾Ð²Ð¿Ð°Ð´ÐµÐ½Ð¸Ñ Ð²Ð¾ Ð²Ñ‚Ð¾Ñ€Ð¾Ð¹.
â€“ Ð­Ñ„Ñ„ÐµÐºÑ‚Ð¸Ð²ÐµÐ½ Ð´Ð»Ñ Ð¼Ð°Ð»ÐµÐ½ÑŒÐºÐ¸Ñ… Ñ‚Ð°Ð±Ð»Ð¸Ñ† Ð¸Ð»Ð¸ ÐºÐ¾Ð³Ð´Ð° Ð½Ð° JOIN-Ð¿Ð¾Ð»Ðµ ÐµÑÑ‚ÑŒ Ð¸Ð½Ð´ÐµÐºÑ.
â€“ Ð•ÑÐ»Ð¸ Ð´Ð°Ð½Ð½Ñ‹Ñ… Ð¼Ð½Ð¾Ð³Ð¾, Ð¼Ð¾Ð¶ÐµÑ‚ Ð±Ñ‹Ñ‚ÑŒ Ð¾Ñ‡ÐµÐ½ÑŒ Ð¼ÐµÐ´Ð»ÐµÐ½Ð½Ñ‹Ð¼.
2. Hash Join
â€“ PostgreSQL ÑÑ‚Ñ€Ð¾Ð¸Ñ‚ Ñ…ÐµÑˆ-Ñ‚Ð°Ð±Ð»Ð¸Ñ†Ñƒ Ð½Ð° Ð¾ÑÐ½Ð¾Ð²Ðµ Ð¾Ð´Ð½Ð¾Ð¹ Ð¸Ð· Ñ‚Ð°Ð±Ð»Ð¸Ñ† (Ð¾Ð±Ñ‹Ñ‡Ð½Ð¾ Ð¼ÐµÐ½ÑŒÑˆÐµÐ¹), Ð° Ð¿Ð¾Ñ‚Ð¾Ð¼ Ð¿Ñ€Ð¾Ð²ÐµÑ€ÑÐµÑ‚ ÑÐ¾Ð¾Ñ‚Ð²ÐµÑ‚ÑÑ‚Ð²Ð¸Ñ Ð¿Ð¾ Ñ…ÐµÑˆÑƒ.
â€“ ÐŸÐ¾Ð´Ñ…Ð¾Ð´Ð¸Ñ‚ Ð´Ð»Ñ Ð±Ð¾Ð»ÑŒÑˆÐ¸Ñ… Ð½Ð°Ð±Ð¾Ñ€Ð¾Ð² Ð´Ð°Ð½Ð½Ñ‹Ñ…, Ð½Ð¾ Ñ‚Ñ€ÐµÐ±ÑƒÐµÑ‚ Ð´Ð¾Ð¿Ð¾Ð»Ð½Ð¸Ñ‚ÐµÐ»ÑŒÐ½Ð¾Ð¹ Ð¿Ð°Ð¼ÑÑ‚Ð¸ Ð´Ð»Ñ Ñ…ÐµÑˆ-Ñ‚Ð°Ð±Ð»Ð¸Ñ†Ñ‹.
â€“ Ð Ð°Ð±Ð¾Ñ‚Ð°ÐµÑ‚ Ñ‚Ð¾Ð»ÑŒÐºÐ¾ Ð´Ð»Ñ ÑÐ¾ÐµÐ´Ð¸Ð½ÐµÐ½Ð¸Ð¹ Ð¿Ð¾ `=` (Ñ€Ð°Ð²ÐµÐ½ÑÑ‚Ð²Ð¾).
3. Merge Join (ÑÐ»Ð¸ÑÐ½Ð¸Ðµ)
â€“ Ð¢Ñ€ÐµÐ±ÑƒÐµÑ‚ Ð¿Ñ€ÐµÐ´Ð²Ð°Ñ€Ð¸Ñ‚ÐµÐ»ÑŒÐ½Ð¾Ð¹ ÑÐ¾Ñ€Ñ‚Ð¸Ñ€Ð¾Ð²ÐºÐ¸ Ð´Ð°Ð½Ð½Ñ‹Ñ… Ð² Ð¾Ð±ÐµÐ¸Ñ… Ñ‚Ð°Ð±Ð»Ð¸Ñ†Ð°Ñ….
â€“ ÐœÐ¾Ð¶ÐµÑ‚ Ð±Ñ‹Ñ‚ÑŒ Ð¾Ñ‡ÐµÐ½ÑŒ Ð±Ñ‹ÑÑ‚Ñ€Ñ‹Ð¼, ÐµÑÐ»Ð¸ Ð´Ð°Ð½Ð½Ñ‹Ðµ ÑƒÐ¶Ðµ Ð¾Ñ‚ÑÐ¾Ñ€Ñ‚Ð¸Ñ€Ð¾Ð²Ð°Ð½Ñ‹.
â€“ Ð¥Ð¾Ñ€Ð¾Ñˆ Ð´Ð»Ñ Ð±Ð¾Ð»ÑŒÑˆÐ¸Ñ… Ñ‚Ð°Ð±Ð»Ð¸Ñ†, Ð¾ÑÐ¾Ð±ÐµÐ½Ð½Ð¾ ÐµÑÐ»Ð¸ Ð²Ñ‹Ð¿Ð¾Ð»Ð½ÑÐµÑ‚ÑÑ Ð´Ð¸Ð°Ð¿Ð°Ð·Ð¾Ð½Ð½Ñ‹Ð¹ JOIN (Ð½Ð°Ð¿Ñ€Ð¸Ð¼ÐµÑ€, BETWEEN).
PostgreSQL ÑÐ°Ð¼ Ñ€ÐµÑˆÐ°ÐµÑ‚, ÐºÐ°ÐºÐ¾Ð¹ JOIN Ð¸ÑÐ¿Ð¾Ð»ÑŒÐ·Ð¾Ð²Ð°Ñ‚ÑŒ",True
134,36,"Ð’ PostgreSQL ÐµÑÑ‚ÑŒ Ð´Ð²Ð° Ð¾ÑÐ½Ð¾Ð²Ð½Ñ‹Ñ… Ð°Ð»Ð³Ð¾Ñ€Ð¸Ñ‚Ð¼Ð° ÑÐ¾ÐµÐ´Ð¸Ð½ÐµÐ½Ð¸Ñ (JOIN):
1. Nested Loop Join (Ð²Ð»Ð¾Ð¶ÐµÐ½Ð½Ñ‹Ðµ Ñ†Ð¸ÐºÐ»Ñ‹)
â€“ Ð Ð°Ð±Ð¾Ñ‚Ð°ÐµÑ‚, ÐºÐ°Ðº Ð²Ð»Ð¾Ð¶ÐµÐ½Ð½Ñ‹Ð¹ FOR Ð² ÐºÐ¾Ð´Ðµ: Ð±ÐµÑ€Ñ‘Ð¼ ÐºÐ°Ð¶Ð´ÑƒÑŽ ÑÑ‚Ñ€Ð¾ÐºÑƒ Ð¸Ð· Ð¾Ð´Ð½Ð¾Ð¹ Ñ‚Ð°Ð±Ð»Ð¸Ñ†Ñ‹ Ð¸ Ð¸Ñ‰ÐµÐ¼ ÑÐ¾Ð²Ð¿Ð°Ð´ÐµÐ½Ð¸Ñ Ð²Ð¾ Ð²Ñ‚Ð¾Ñ€Ð¾Ð¹.
â€“ Ð­Ñ„Ñ„ÐµÐºÑ‚Ð¸Ð²ÐµÐ½ Ð´Ð»Ñ Ð¼Ð°Ð»ÐµÐ½ÑŒÐºÐ¸Ñ… Ñ‚Ð°Ð±Ð»Ð¸Ñ† Ð¸Ð»Ð¸ ÐºÐ¾Ð³Ð´Ð° Ð½Ð° JOIN-Ð¿Ð¾Ð»Ðµ ÐµÑÑ‚ÑŒ Ð¸Ð½Ð´ÐµÐºÑ.
â€“ Ð•ÑÐ»Ð¸ Ð´Ð°Ð½Ð½Ñ‹Ñ… Ð¼Ð½Ð¾Ð³Ð¾, Ð¼Ð¾Ð¶ÐµÑ‚ Ð±Ñ‹Ñ‚ÑŒ Ð¾Ñ‡ÐµÐ½ÑŒ Ð¼ÐµÐ´Ð»ÐµÐ½Ð½Ñ‹Ð¼.
2. Hash Join
â€“ PostgreSQL ÑÑ‚Ñ€Ð¾Ð¸Ñ‚ Ñ…ÐµÑˆ-Ñ‚Ð°Ð±Ð»Ð¸Ñ†Ñƒ Ð½Ð° Ð¾ÑÐ½Ð¾Ð²Ðµ Ð¾Ð´Ð½Ð¾Ð¹ Ð¸Ð· Ñ‚Ð°Ð±Ð»Ð¸Ñ† (Ð¾Ð±Ñ‹Ñ‡Ð½Ð¾ Ð¼ÐµÐ½ÑŒÑˆÐµÐ¹), Ð° Ð¿Ð¾Ñ‚Ð¾Ð¼ Ð¿Ñ€Ð¾Ð²ÐµÑ€ÑÐµÑ‚ ÑÐ¾Ð¾Ñ‚Ð²ÐµÑ‚ÑÑ‚Ð²Ð¸Ñ Ð¿Ð¾ Ñ…ÐµÑˆÑƒ.
â€“ ÐŸÐ¾Ð´Ñ…Ð¾Ð´Ð¸Ñ‚ Ð´Ð»Ñ Ð±Ð¾Ð»ÑŒÑˆÐ¸Ñ… Ð½Ð°Ð±Ð¾Ñ€Ð¾Ð² Ð´Ð°Ð½Ð½Ñ‹Ñ…, Ð½Ð¾ Ñ‚Ñ€ÐµÐ±ÑƒÐµÑ‚ Ð´Ð¾Ð¿Ð¾Ð»Ð½Ð¸Ñ‚ÐµÐ»ÑŒÐ½Ð¾Ð¹ Ð¿Ð°Ð¼ÑÑ‚Ð¸ Ð´Ð»Ñ Ñ…ÐµÑˆ-Ñ‚Ð°Ð±Ð»Ð¸Ñ†Ñ‹.
â€“ Ð Ð°Ð±Ð¾Ñ‚Ð°ÐµÑ‚ Ð´Ð»Ñ ÑÐ¾ÐµÐ´Ð¸Ð½ÐµÐ½Ð¸Ð¹ Ñ Ð»ÑŽÐ±Ñ‹Ð¼Ð¸ Ð²Ð¸Ð´Ð°Ð¼Ð¸ ÑÑ€Ð°Ð²Ð½ÐµÐ½Ð¸Ð¹ (Ñ€Ð°Ð²ÐµÐ½ÑÑ‚Ð²Ð¾, Ð½Ðµ Ñ‚Ð¾Ñ‡Ð½Ð¾Ðµ Ñ€Ð°Ð²ÐµÐ½ÑÑ‚Ð²Ð¾).
PostgreSQL ÑÐ°Ð¼ Ñ€ÐµÑˆÐ°ÐµÑ‚, ÐºÐ°ÐºÐ¾Ð¹ JOIN Ð¸ÑÐ¿Ð¾Ð»ÑŒÐ·Ð¾Ð²Ð°Ñ‚ÑŒ",False
135,36,"Ð’ PostgreSQL ÐµÑÑ‚ÑŒ Ñ‚Ñ€Ð¸ Ð¾ÑÐ½Ð¾Ð²Ð½Ñ‹Ñ… Ð°Ð»Ð³Ð¾Ñ€Ð¸Ñ‚Ð¼Ð° ÑÐ¾ÐµÐ´Ð¸Ð½ÐµÐ½Ð¸Ñ (JOIN):
1. Nested Loop Join (Ð²Ð»Ð¾Ð¶ÐµÐ½Ð½Ñ‹Ðµ Ñ†Ð¸ÐºÐ»Ñ‹)
â€“ Ð Ð°Ð±Ð¾Ñ‚Ð°ÐµÑ‚, ÐºÐ°Ðº Ð²Ð»Ð¾Ð¶ÐµÐ½Ð½Ñ‹Ð¹ FOR Ð² ÐºÐ¾Ð´Ðµ: Ð±ÐµÑ€Ñ‘Ð¼ ÐºÐ°Ð¶Ð´ÑƒÑŽ ÑÑ‚Ñ€Ð¾ÐºÑƒ Ð¸Ð· Ð¾Ð´Ð½Ð¾Ð¹ Ñ‚Ð°Ð±Ð»Ð¸Ñ†Ñ‹ Ð¸ Ð¸Ñ‰ÐµÐ¼ ÑÐ¾Ð²Ð¿Ð°Ð´ÐµÐ½Ð¸Ñ Ð²Ð¾ Ð²Ñ‚Ð¾Ñ€Ð¾Ð¹.
â€“ Ð­Ñ„Ñ„ÐµÐºÑ‚Ð¸Ð²ÐµÐ½ Ð´Ð»Ñ Ð¼Ð°Ð»ÐµÐ½ÑŒÐºÐ¸Ñ… Ñ‚Ð°Ð±Ð»Ð¸Ñ† Ð¸Ð»Ð¸ ÐºÐ¾Ð³Ð´Ð° Ð½Ð° JOIN-Ð¿Ð¾Ð»Ðµ ÐµÑÑ‚ÑŒ Ð¸Ð½Ð´ÐµÐºÑ.
â€“ Ð•ÑÐ»Ð¸ Ð´Ð°Ð½Ð½Ñ‹Ñ… Ð¼Ð½Ð¾Ð³Ð¾, Ð¼Ð¾Ð¶ÐµÑ‚ Ð±Ñ‹Ñ‚ÑŒ Ð¾Ñ‡ÐµÐ½ÑŒ Ð¼ÐµÐ´Ð»ÐµÐ½Ð½Ñ‹Ð¼.
2. Hash Join
â€“ PostgreSQL ÑÑ‚Ñ€Ð¾Ð¸Ñ‚ Ñ…ÐµÑˆ-Ñ‚Ð°Ð±Ð»Ð¸Ñ†Ñƒ Ð½Ð° Ð¾ÑÐ½Ð¾Ð²Ðµ Ð¾Ð´Ð½Ð¾Ð¹ Ð¸Ð· Ñ‚Ð°Ð±Ð»Ð¸Ñ† (Ð¾Ð±Ñ‹Ñ‡Ð½Ð¾ Ð¼ÐµÐ½ÑŒÑˆÐµÐ¹), Ð° Ð¿Ð¾Ñ‚Ð¾Ð¼ Ð¿Ñ€Ð¾Ð²ÐµÑ€ÑÐµÑ‚ ÑÐ¾Ð¾Ñ‚Ð²ÐµÑ‚ÑÑ‚Ð²Ð¸Ñ Ð¿Ð¾ Ñ…ÐµÑˆÑƒ.
â€“ ÐŸÐ¾Ð´Ñ…Ð¾Ð´Ð¸Ñ‚ Ð´Ð»Ñ Ð±Ð¾Ð»ÑŒÑˆÐ¸Ñ… Ð½Ð°Ð±Ð¾Ñ€Ð¾Ð² Ð´Ð°Ð½Ð½Ñ‹Ñ…, Ð½Ð¾ Ñ‚Ñ€ÐµÐ±ÑƒÐµÑ‚ Ð´Ð¾Ð¿Ð¾Ð»Ð½Ð¸Ñ‚ÐµÐ»ÑŒÐ½Ð¾Ð¹ Ð¿Ð°Ð¼ÑÑ‚Ð¸ Ð´Ð»Ñ Ñ…ÐµÑˆ-Ñ‚Ð°Ð±Ð»Ð¸Ñ†Ñ‹.
â€“ Ð Ð°Ð±Ð¾Ñ‚Ð°ÐµÑ‚ Ñ‚Ð¾Ð»ÑŒÐºÐ¾ Ð´Ð»Ñ ÑÐ¾ÐµÐ´Ð¸Ð½ÐµÐ½Ð¸Ð¹ Ð¿Ð¾ `=` (Ñ€Ð°Ð²ÐµÐ½ÑÑ‚Ð²Ð¾).
PostgreSQL ÑÐ°Ð¼ Ñ€ÐµÑˆÐ°ÐµÑ‚, ÐºÐ°ÐºÐ¾Ð¹ JOIN Ð¸ÑÐ¿Ð¾Ð»ÑŒÐ·Ð¾Ð²Ð°Ñ‚ÑŒ",False
136,36,"Ð’ PostgreSQL ÐµÑÑ‚ÑŒ Ñ‚Ñ€Ð¸ Ð¾ÑÐ½Ð¾Ð²Ð½Ñ‹Ñ… Ð°Ð»Ð³Ð¾Ñ€Ð¸Ñ‚Ð¼Ð° ÑÐ¾ÐµÐ´Ð¸Ð½ÐµÐ½Ð¸Ñ (JOIN):
1. Nested Loop Join (Ð²Ð»Ð¾Ð¶ÐµÐ½Ð½Ñ‹Ðµ Ñ†Ð¸ÐºÐ»Ñ‹)
â€“ Ð Ð°Ð±Ð¾Ñ‚Ð°ÐµÑ‚, ÐºÐ°Ðº Ð²Ð»Ð¾Ð¶ÐµÐ½Ð½Ñ‹Ð¹ FOR Ð² ÐºÐ¾Ð´Ðµ: Ð±ÐµÑ€Ñ‘Ð¼ ÐºÐ°Ð¶Ð´ÑƒÑŽ ÑÑ‚Ñ€Ð¾ÐºÑƒ Ð¸Ð· Ð¾Ð´Ð½Ð¾Ð¹ Ñ‚Ð°Ð±Ð»Ð¸Ñ†Ñ‹ Ð¸ Ð¸Ñ‰ÐµÐ¼ ÑÐ¾Ð²Ð¿Ð°Ð´ÐµÐ½Ð¸Ñ Ð²Ð¾ Ð²Ñ‚Ð¾Ñ€Ð¾Ð¹.
â€“ Ð­Ñ„Ñ„ÐµÐºÑ‚Ð¸Ð²ÐµÐ½ Ð´Ð»Ñ Ð¼Ð°Ð»ÐµÐ½ÑŒÐºÐ¸Ñ… Ñ‚Ð°Ð±Ð»Ð¸Ñ† Ð¸Ð»Ð¸ ÐºÐ¾Ð³Ð´Ð° Ð½Ð° JOIN-Ð¿Ð¾Ð»Ðµ ÐµÑÑ‚ÑŒ Ð¸Ð½Ð´ÐµÐºÑ.
â€“ Ð•ÑÐ»Ð¸ Ð´Ð°Ð½Ð½Ñ‹Ñ… Ð¼Ð½Ð¾Ð³Ð¾, Ð¼Ð¾Ð¶ÐµÑ‚ Ð±Ñ‹Ñ‚ÑŒ Ð¾Ñ‡ÐµÐ½ÑŒ Ð¼ÐµÐ´Ð»ÐµÐ½Ð½Ñ‹Ð¼.
2. Merge Join (ÑÐ»Ð¸ÑÐ½Ð¸Ðµ)
â€“ Ð¢Ñ€ÐµÐ±ÑƒÐµÑ‚ Ð¿Ñ€ÐµÐ´Ð²Ð°Ñ€Ð¸Ñ‚ÐµÐ»ÑŒÐ½Ð¾Ð¹ ÑÐ¾Ñ€Ñ‚Ð¸Ñ€Ð¾Ð²ÐºÐ¸ Ð´Ð°Ð½Ð½Ñ‹Ñ… Ð² Ð¾Ð±ÐµÐ¸Ñ… Ñ‚Ð°Ð±Ð»Ð¸Ñ†Ð°Ñ….
â€“ ÐœÐ¾Ð¶ÐµÑ‚ Ð±Ñ‹Ñ‚ÑŒ Ð¾Ñ‡ÐµÐ½ÑŒ Ð±Ñ‹ÑÑ‚Ñ€Ñ‹Ð¼, ÐµÑÐ»Ð¸ Ð´Ð°Ð½Ð½Ñ‹Ðµ ÑƒÐ¶Ðµ Ð¾Ñ‚ÑÐ¾Ñ€Ñ‚Ð¸Ñ€Ð¾Ð²Ð°Ð½Ñ‹.
â€“ Ð¥Ð¾Ñ€Ð¾Ñˆ Ð´Ð»Ñ Ð±Ð¾Ð»ÑŒÑˆÐ¸Ñ… Ñ‚Ð°Ð±Ð»Ð¸Ñ†, Ð¾ÑÐ¾Ð±ÐµÐ½Ð½Ð¾ ÐµÑÐ»Ð¸ Ð²Ñ‹Ð¿Ð¾Ð»Ð½ÑÐµÑ‚ÑÑ Ð´Ð¸Ð°Ð¿Ð°Ð·Ð¾Ð½Ð½Ñ‹Ð¹ JOIN (Ð½Ð°Ð¿Ñ€Ð¸Ð¼ÐµÑ€, BETWEEN).
PostgreSQL ÑÐ°Ð¼ Ñ€ÐµÑˆÐ°ÐµÑ‚, ÐºÐ°ÐºÐ¾Ð¹ JOIN Ð¸ÑÐ¿Ð¾Ð»ÑŒÐ·Ð¾Ð²Ð°Ñ‚ÑŒ",False
137,37,"NULL, COALESCE â€” ÑÑ‚Ð¾ Ñ„ÑƒÐ½ÐºÑ†Ð¸Ñ, ÐºÐ¾Ñ‚Ð¾Ñ€Ð°Ñ Ð²Ð¾Ð·Ð²Ñ€Ð°Ñ‰Ð°ÐµÑ‚ Ð¿ÐµÑ€Ð²Ñ‹Ð¹ Ð½ÐµÐ½ÑƒÐ»ÐµÐ²Ð¾Ð¹ Ð°Ñ€Ð³ÑƒÐ¼ÐµÐ½Ñ‚. ÐžÐ´Ð½Ð°ÐºÐ¾ ÐµÑÐ»Ð¸ Ð²ÑÐµ Ð°Ñ€Ð³ÑƒÐ¼ÐµÐ½Ñ‚Ñ‹ NULL, Ñ‚Ð¾ Ñ€ÐµÐ·ÑƒÐ»ÑŒÑ‚Ð°Ñ‚ Ð±ÑƒÐ´ÐµÑ‚ NULL.
ÐšÐ¾Ð³Ð´Ð° Ð¿Ñ€Ð¸Ð¼ÐµÐ½ÑÑ‚ÑŒ?
- Ð—Ð°Ð¼ÐµÐ½Ð° NULL Ð½Ð° Ð´ÐµÑ„Ð¾Ð»Ñ‚Ð½Ð¾Ðµ Ð·Ð½Ð°Ñ‡ÐµÐ½Ð¸Ðµ
- Ð’Ñ‹Ð±Ð¾Ñ€ Ð¿ÐµÑ€Ð²Ð¾Ð³Ð¾ Ð½ÐµÐ¿ÑƒÑÑ‚Ð¾Ð³Ð¾ Ð¿Ð¾Ð»Ñ (Ð½Ð°Ð¿Ñ€Ð¸Ð¼ÐµÑ€, ÐµÑÐ»Ð¸ Ð´Ð°Ð½Ð½Ñ‹Ðµ Ð¼Ð¾Ð³ÑƒÑ‚ Ð±Ñ‹Ñ‚ÑŒ Ð² Ð½ÐµÑÐºÐ¾Ð»ÑŒÐºÐ¸Ñ… ÐºÐ¾Ð»Ð¾Ð½ÐºÐ°Ñ…)
- ÐžÐ¿Ñ‚Ð¸Ð¼Ð¸Ð·Ð°Ñ†Ð¸Ñ CASE WHEN, Ñ‚Ð°Ðº ÐºÐ°Ðº COALESCE ÐºÐ¾Ñ€Ð¾Ñ‡Ðµ Ð¸ Ñ‡Ð¸Ñ‚Ð°Ð±ÐµÐ»ÑŒÐ½ÐµÐµ.
âš ï¸ Ð¤Ð¸ÑˆÐºÐ°: COALESCE Ð²Ñ‹Ñ‡Ð¸ÑÐ»ÑÐµÑ‚ Ð²ÑÐµ Ð°Ñ€Ð³ÑƒÐ¼ÐµÐ½Ñ‚Ñ‹, Ð´Ð°Ð¶Ðµ ÐµÑÐ»Ð¸ Ð¿ÐµÑ€Ð²Ñ‹Ð¹ ÑƒÐ¶Ðµ Ð½Ðµ NULL. Ð•ÑÐ»Ð¸ Ð² Ð°Ñ€Ð³ÑƒÐ¼ÐµÐ½Ñ‚Ð°Ñ… ÐµÑÑ‚ÑŒ Ð¿Ð¾Ð´Ð·Ð°Ð¿Ñ€Ð¾ÑÑ‹ Ð¸Ð»Ð¸ Ñ‚ÑÐ¶Ñ‘Ð»Ñ‹Ðµ Ð²Ñ‹Ñ‡Ð¸ÑÐ»ÐµÐ½Ð¸Ñ, Ð»ÑƒÑ‡ÑˆÐµ Ð¸ÑÐ¿Ð¾Ð»ÑŒÐ·Ð¾Ð²Ð°Ñ‚ÑŒ CASE WHEN Ð´Ð»Ñ ÐºÐ¾Ð½Ñ‚Ñ€Ð¾Ð»Ñ",False
138,37,"NULL, COALESCE â€” ÑÑ‚Ð¾ Ñ„ÑƒÐ½ÐºÑ†Ð¸Ñ, ÐºÐ¾Ñ‚Ð¾Ñ€Ð°Ñ Ð²Ð¾Ð·Ð²Ñ€Ð°Ñ‰Ð°ÐµÑ‚ Ð¿Ð¾ÑÐ»ÐµÐ´Ð½Ð¸Ð¹ Ð°Ñ€Ð³ÑƒÐ¼ÐµÐ½Ñ‚, ÐµÑÐ»Ð¸ Ð²ÑÐµ Ð¿Ñ€ÐµÐ´Ñ‹Ð´ÑƒÑ‰Ð¸Ðµ NULL. ÐžÐ´Ð½Ð°ÐºÐ¾ ÐµÑÐ»Ð¸ Ð²ÑÐµ Ð°Ñ€Ð³ÑƒÐ¼ÐµÐ½Ñ‚Ñ‹ NULL, Ñ‚Ð¾ Ñ€ÐµÐ·ÑƒÐ»ÑŒÑ‚Ð°Ñ‚ Ð±ÑƒÐ´ÐµÑ‚ NULL.
ÐšÐ¾Ð³Ð´Ð° Ð¿Ñ€Ð¸Ð¼ÐµÐ½ÑÑ‚ÑŒ?
- Ð—Ð°Ð¼ÐµÐ½Ð° NULL Ð½Ð° Ð´ÐµÑ„Ð¾Ð»Ñ‚Ð½Ð¾Ðµ Ð·Ð½Ð°Ñ‡ÐµÐ½Ð¸Ðµ
- Ð’Ñ‹Ð±Ð¾Ñ€ Ð¿Ð¾ÑÐ»ÐµÐ´Ð½ÐµÐ³Ð¾ Ð½ÐµÐ¿ÑƒÑÑ‚Ð¾Ð³Ð¾ Ð¿Ð¾Ð»Ñ
- ÐžÐ¿Ñ‚Ð¸Ð¼Ð¸Ð·Ð°Ñ†Ð¸Ñ CASE WHEN, Ñ‚Ð°Ðº ÐºÐ°Ðº COALESCE ÐºÐ¾Ñ€Ð¾Ñ‡Ðµ Ð¸ Ñ‡Ð¸Ñ‚Ð°Ð±ÐµÐ»ÑŒÐ½ÐµÐµ.
âš ï¸ Ð¤Ð¸ÑˆÐºÐ°: COALESCE Ð²Ñ‹Ñ‡Ð¸ÑÐ»ÑÐµÑ‚ Ð²ÑÐµ Ð°Ñ€Ð³ÑƒÐ¼ÐµÐ½Ñ‚Ñ‹, Ð´Ð°Ð¶Ðµ ÐµÑÐ»Ð¸ Ð¿ÐµÑ€Ð²Ñ‹Ð¹ ÑƒÐ¶Ðµ Ð½Ðµ NULL. Ð•ÑÐ»Ð¸ Ð² Ð°Ñ€Ð³ÑƒÐ¼ÐµÐ½Ñ‚Ð°Ñ… ÐµÑÑ‚ÑŒ Ð¿Ð¾Ð´Ð·Ð°Ð¿Ñ€Ð¾ÑÑ‹ Ð¸Ð»Ð¸ Ñ‚ÑÐ¶Ñ‘Ð»Ñ‹Ðµ Ð²Ñ‹Ñ‡Ð¸ÑÐ»ÐµÐ½Ð¸Ñ, Ð»ÑƒÑ‡ÑˆÐµ Ð¸ÑÐ¿Ð¾Ð»ÑŒÐ·Ð¾Ð²Ð°Ñ‚ÑŒ CASE WHEN Ð´Ð»Ñ ÐºÐ¾Ð½Ñ‚Ñ€Ð¾Ð»Ñ",False
139,37,"NULL, COALESCE â€” ÑÑ‚Ð¾ Ñ„ÑƒÐ½ÐºÑ†Ð¸Ñ, ÐºÐ¾Ñ‚Ð¾Ñ€Ð°Ñ Ð²Ð¾Ð·Ð²Ñ€Ð°Ñ‰Ð°ÐµÑ‚ Ð¿ÐµÑ€Ð²Ñ‹Ð¹ Ð½ÐµÐ½ÑƒÐ»ÐµÐ²Ð¾Ð¹ Ð°Ñ€Ð³ÑƒÐ¼ÐµÐ½Ñ‚. ÐžÐ´Ð½Ð°ÐºÐ¾ ÐµÑÐ»Ð¸ Ð²ÑÐµ Ð°Ñ€Ð³ÑƒÐ¼ÐµÐ½Ñ‚Ñ‹ NULL, Ñ‚Ð¾ Ñ€ÐµÐ·ÑƒÐ»ÑŒÑ‚Ð°Ñ‚ Ð±ÑƒÐ´ÐµÑ‚ NULL.
ÐšÐ¾Ð³Ð´Ð° Ð¿Ñ€Ð¸Ð¼ÐµÐ½ÑÑ‚ÑŒ?
- Ð—Ð°Ð¼ÐµÐ½Ð° NULL Ð½Ð° Ð´ÐµÑ„Ð¾Ð»Ñ‚Ð½Ð¾Ðµ Ð·Ð½Ð°Ñ‡ÐµÐ½Ð¸Ðµ
- Ð’Ñ‹Ð±Ð¾Ñ€ Ð¿ÐµÑ€Ð²Ð¾Ð³Ð¾ Ð½ÐµÐ¿ÑƒÑÑ‚Ð¾Ð³Ð¾ Ð¿Ð¾Ð»Ñ (Ð½Ð°Ð¿Ñ€Ð¸Ð¼ÐµÑ€, ÐµÑÐ»Ð¸ Ð´Ð°Ð½Ð½Ñ‹Ðµ Ð¼Ð¾Ð³ÑƒÑ‚ Ð±Ñ‹Ñ‚ÑŒ Ð² Ð½ÐµÑÐºÐ¾Ð»ÑŒÐºÐ¸Ñ… ÐºÐ¾Ð»Ð¾Ð½ÐºÐ°Ñ…)
âš ï¸ Ð¤Ð¸ÑˆÐºÐ°: COALESCE Ð²Ñ‹Ñ‡Ð¸ÑÐ»ÑÐµÑ‚ Ñ‚Ð¾Ð»ÑŒÐºÐ¾ Ð¿ÐµÑ€Ð²Ñ‹Ð¹ Ð½ÐµÐ½ÑƒÐ»ÐµÐ²Ð¾Ð¹ Ð°Ñ€Ð³ÑƒÐ¼ÐµÐ½Ñ‚, Ð¸Ð³Ð½Ð¾Ñ€Ð¸Ñ€ÑƒÑ Ð¾ÑÑ‚Ð°Ð»ÑŒÐ½Ñ‹Ðµ. Ð­Ñ‚Ð¾ Ð´ÐµÐ»Ð°ÐµÑ‚ ÐµÑ‘ Ð±Ð¾Ð»ÐµÐµ ÑÑ„Ñ„ÐµÐºÑ‚Ð¸Ð²Ð½Ð¾Ð¹, Ñ‡ÐµÐ¼ CASE WHEN",False
140,37,"NULL, COALESCE â€” ÑÑ‚Ð¾ Ñ„ÑƒÐ½ÐºÑ†Ð¸Ñ, ÐºÐ¾Ñ‚Ð¾Ñ€Ð°Ñ Ð²Ð¾Ð·Ð²Ñ€Ð°Ñ‰Ð°ÐµÑ‚ Ð¿ÐµÑ€Ð²Ñ‹Ð¹ Ð½ÐµÐ½ÑƒÐ»ÐµÐ²Ð¾Ð¹ Ð°Ñ€Ð³ÑƒÐ¼ÐµÐ½Ñ‚. ÐžÐ´Ð½Ð°ÐºÐ¾ ÐµÑÐ»Ð¸ Ð²ÑÐµ Ð°Ñ€Ð³ÑƒÐ¼ÐµÐ½Ñ‚Ñ‹ NULL, Ñ‚Ð¾ Ñ€ÐµÐ·ÑƒÐ»ÑŒÑ‚Ð°Ñ‚ Ð±ÑƒÐ´ÐµÑ‚ NULL.
ÐšÐ¾Ð³Ð´Ð° Ð¿Ñ€Ð¸Ð¼ÐµÐ½ÑÑ‚ÑŒ?
- Ð—Ð°Ð¼ÐµÐ½Ð° NULL Ð½Ð° Ð´ÐµÑ„Ð¾Ð»Ñ‚Ð½Ð¾Ðµ Ð·Ð½Ð°Ñ‡ÐµÐ½Ð¸Ðµ
- Ð’Ñ‹Ð±Ð¾Ñ€ Ð¿ÐµÑ€Ð²Ð¾Ð³Ð¾ Ð½ÐµÐ¿ÑƒÑÑ‚Ð¾Ð³Ð¾ Ð¿Ð¾Ð»Ñ (Ð½Ð°Ð¿Ñ€Ð¸Ð¼ÐµÑ€, ÐµÑÐ»Ð¸ Ð´Ð°Ð½Ð½Ñ‹Ðµ Ð¼Ð¾Ð³ÑƒÑ‚ Ð±Ñ‹Ñ‚ÑŒ Ð² Ð½ÐµÑÐºÐ¾Ð»ÑŒÐºÐ¸Ñ… ÐºÐ¾Ð»Ð¾Ð½ÐºÐ°Ñ…)
- ÐžÐ¿Ñ‚Ð¸Ð¼Ð¸Ð·Ð°Ñ†Ð¸Ñ CASE WHEN, Ñ‚Ð°Ðº ÐºÐ°Ðº COALESCE ÐºÐ¾Ñ€Ð¾Ñ‡Ðµ Ð¸ Ñ‡Ð¸Ñ‚Ð°Ð±ÐµÐ»ÑŒÐ½ÐµÐµ.
âš ï¸ Ð¤Ð¸ÑˆÐºÐ°: COALESCE Ð²Ñ‹Ñ‡Ð¸ÑÐ»ÑÐµÑ‚ Ð²ÑÐµ Ð°Ñ€Ð³ÑƒÐ¼ÐµÐ½Ñ‚Ñ‹, Ð´Ð°Ð¶Ðµ ÐµÑÐ»Ð¸ Ð¿ÐµÑ€Ð²Ñ‹Ð¹ ÑƒÐ¶Ðµ Ð½Ðµ NULL. Ð•ÑÐ»Ð¸ Ð² Ð°Ñ€Ð³ÑƒÐ¼ÐµÐ½Ñ‚Ð°Ñ… ÐµÑÑ‚ÑŒ Ð¿Ð¾Ð´Ð·Ð°Ð¿Ñ€Ð¾ÑÑ‹ Ð¸Ð»Ð¸ Ñ‚ÑÐ¶Ñ‘Ð»Ñ‹Ðµ Ð²Ñ‹Ñ‡Ð¸ÑÐ»ÐµÐ½Ð¸Ñ, Ð»ÑƒÑ‡ÑˆÐµ Ð¸ÑÐ¿Ð¾Ð»ÑŒÐ·Ð¾Ð²Ð°Ñ‚ÑŒ CASE WHEN Ð´Ð»Ñ ÐºÐ¾Ð½Ñ‚Ñ€Ð¾Ð»Ñ",True
141,38,"Ð­Ñ‚Ð¾Ñ‚ Ð¼ÐµÑ‚Ð¾Ð´ Ð½Ð°Ð·Ñ‹Ð²Ð°ÐµÑ‚ÑÑ Ð´ÐµÐ½Ð¾Ñ€Ð¼Ð°Ð»Ð¸Ð·Ð°Ñ†Ð¸Ñ. ÐœÑ‹ Ð¾ÑÐ¾Ð·Ð½Ð°Ð½Ð½Ð¾ Ð´ÑƒÐ±Ð»Ð¸Ñ€ÑƒÐµÐ¼ Ð´Ð°Ð½Ð½Ñ‹Ðµ, Ñ‡Ñ‚Ð¾Ð±Ñ‹ ÑƒÑÐºÐ¾Ñ€Ð¸Ñ‚ÑŒ Ð²Ñ‹Ð±Ð¾Ñ€ÐºÑƒ, Ð¶ÐµÑ€Ñ‚Ð²ÑƒÑ Ð¸Ð·Ð±Ñ‹Ñ‚Ð¾Ñ‡Ð½Ð¾ÑÑ‚ÑŒÑŽ.
ÐŸÐ»ÑŽÑÑ‹:
âœ… Ð‘Ñ‹ÑÑ‚Ñ€ÐµÐµ Ñ€Ð°Ð±Ð¾Ñ‚Ð°ÑŽÑ‚ Ð·Ð°Ð¿Ñ€Ð¾ÑÑ‹ Ð±ÐµÐ· JOIN
âœ… Ð¡Ð½Ð¸Ð¶Ð°ÐµÑ‚ÑÑ Ð½Ð°Ð³Ñ€ÑƒÐ·ÐºÐ° Ð½Ð° ÑÐµÑ€Ð²ÐµÑ€ Ð¿Ñ€Ð¸ Ñ‡Ð°ÑÑ‚Ñ‹Ñ… Ð¿Ð¾Ð¸ÑÐºÐ°Ñ… Ñ€ÐµÐ¹ÑÐ¾Ð²
ÐœÐ¸Ð½ÑƒÑÑ‹:
âŒ Ð•ÑÐ»Ð¸ Ð°ÑÑ€Ð¾Ð¿Ð¾Ñ€Ñ‚ ÑÐ¼ÐµÐ½Ð¸Ñ‚ Ð½Ð°Ð·Ð²Ð°Ð½Ð¸Ðµ, ÐµÐ³Ð¾ Ð½ÑƒÐ¶Ð½Ð¾ Ð¾Ð±Ð½Ð¾Ð²Ð»ÑÑ‚ÑŒ Ð²Ð¾ Ð²ÑÐµÑ… Ð·Ð°Ð¿Ð¸ÑÑÑ… Ñ‚Ð°Ð±Ð»Ð¸Ñ†Ñ‹ flights
âŒ Ð‘Ð°Ð·Ð° Ð´Ð°Ð½Ð½Ñ‹Ñ… ÑÑ‚Ð°Ð½Ð¾Ð²Ð¸Ñ‚ÑÑ Ð±Ð¾Ð»ÑŒÑˆÐµ Ð¸Ð·-Ð·Ð° Ð´ÑƒÐ±Ð»Ð¸Ñ€Ð¾Ð²Ð°Ð½Ð¸Ñ Ð´Ð°Ð½Ð½Ñ‹Ñ…
Ð”ÐµÐ½Ð¾Ñ€Ð¼Ð°Ð»Ð¸Ð·Ð°Ñ†Ð¸Ñ Ð¾ÑÐ¾Ð±ÐµÐ½Ð½Ð¾ Ð¿Ð¾Ð»ÐµÐ·Ð½Ð°, ÐºÐ¾Ð³Ð´Ð° Ñƒ Ð½Ð°Ñ Ð¼Ð½Ð¾Ð³Ð¾ Ñ‡Ñ‚ÐµÐ½Ð¸Ñ Ð¸ Ð¼Ð°Ð»Ð¾ Ð¸Ð·Ð¼ÐµÐ½ÐµÐ½Ð¸Ð¹. ÐÐ°Ð¿Ñ€Ð¸Ð¼ÐµÑ€, ÐµÑÐ»Ð¸ Ð½Ð°Ð·Ð²Ð°Ð½Ð¸Ñ Ð°ÑÑ€Ð¾Ð¿Ð¾Ñ€Ñ‚Ð¾Ð² Ñ€ÐµÐ´ÐºÐ¾ Ð¼ÐµÐ½ÑÑŽÑ‚ÑÑ, ÑÑ‚Ð¾ Ñ…Ð¾Ñ€Ð¾ÑˆÐ¸Ð¹ ÐºÐ¾Ð¼Ð¿Ñ€Ð¾Ð¼Ð¸ÑÑ Ð¼ÐµÐ¶Ð´Ñƒ ÑÐºÐ¾Ñ€Ð¾ÑÑ‚ÑŒÑŽ Ð¸ Ñ†ÐµÐ»Ð¾ÑÑ‚Ð½Ð¾ÑÑ‚ÑŒÑŽ Ð´Ð°Ð½Ð½Ñ‹Ñ…",True
142,38,"Ð­Ñ‚Ð¾Ñ‚ Ð¼ÐµÑ‚Ð¾Ð´ Ð½Ð°Ð·Ñ‹Ð²Ð°ÐµÑ‚ÑÑ Ð½Ð¾Ñ€Ð¼Ð°Ð»Ð¸Ð·Ð°Ñ†Ð¸Ñ. ÐœÑ‹ Ð¾ÑÐ¾Ð·Ð½Ð°Ð½Ð½Ð¾ Ð´ÑƒÐ±Ð»Ð¸Ñ€ÑƒÐµÐ¼ Ð´Ð°Ð½Ð½Ñ‹Ðµ, Ñ‡Ñ‚Ð¾Ð±Ñ‹ ÑƒÑÐºÐ¾Ñ€Ð¸Ñ‚ÑŒ Ð²Ñ‹Ð±Ð¾Ñ€ÐºÑƒ, Ð¶ÐµÑ€Ñ‚Ð²ÑƒÑ Ð¸Ð·Ð±Ñ‹Ñ‚Ð¾Ñ‡Ð½Ð¾ÑÑ‚ÑŒÑŽ.
ÐŸÐ»ÑŽÑÑ‹:
âœ… Ð‘Ñ‹ÑÑ‚Ñ€ÐµÐµ Ñ€Ð°Ð±Ð¾Ñ‚Ð°ÑŽÑ‚ Ð·Ð°Ð¿Ñ€Ð¾ÑÑ‹ Ð±ÐµÐ· JOIN
âœ… Ð¡Ð½Ð¸Ð¶Ð°ÐµÑ‚ÑÑ Ð½Ð°Ð³Ñ€ÑƒÐ·ÐºÐ° Ð½Ð° ÑÐµÑ€Ð²ÐµÑ€ Ð¿Ñ€Ð¸ Ñ‡Ð°ÑÑ‚Ñ‹Ñ… Ð¿Ð¾Ð¸ÑÐºÐ°Ñ… Ñ€ÐµÐ¹ÑÐ¾Ð²
ÐœÐ¸Ð½ÑƒÑÑ‹:
âŒ Ð•ÑÐ»Ð¸ Ð°ÑÑ€Ð¾Ð¿Ð¾Ñ€Ñ‚ ÑÐ¼ÐµÐ½Ð¸Ñ‚ Ð½Ð°Ð·Ð²Ð°Ð½Ð¸Ðµ, ÐµÐ³Ð¾ Ð½ÑƒÐ¶Ð½Ð¾ Ð¾Ð±Ð½Ð¾Ð²Ð»ÑÑ‚ÑŒ Ð²Ð¾ Ð²ÑÐµÑ… Ð·Ð°Ð¿Ð¸ÑÑÑ… Ñ‚Ð°Ð±Ð»Ð¸Ñ†Ñ‹ flights
âŒ Ð‘Ð°Ð·Ð° Ð´Ð°Ð½Ð½Ñ‹Ñ… ÑÑ‚Ð°Ð½Ð¾Ð²Ð¸Ñ‚ÑÑ Ð±Ð¾Ð»ÑŒÑˆÐµ Ð¸Ð·-Ð·Ð° Ð´ÑƒÐ±Ð»Ð¸Ñ€Ð¾Ð²Ð°Ð½Ð¸Ñ Ð´Ð°Ð½Ð½Ñ‹Ñ…
ÐÐ¾Ñ€Ð¼Ð°Ð»Ð¸Ð·Ð°Ñ†Ð¸Ñ Ð¾ÑÐ¾Ð±ÐµÐ½Ð½Ð¾ Ð¿Ð¾Ð»ÐµÐ·Ð½Ð°, ÐºÐ¾Ð³Ð´Ð° Ñƒ Ð½Ð°Ñ Ð¼Ð½Ð¾Ð³Ð¾ Ñ‡Ñ‚ÐµÐ½Ð¸Ñ Ð¸ Ð¼Ð°Ð»Ð¾ Ð¸Ð·Ð¼ÐµÐ½ÐµÐ½Ð¸Ð¹. ÐÐ°Ð¿Ñ€Ð¸Ð¼ÐµÑ€, ÐµÑÐ»Ð¸ Ð½Ð°Ð·Ð²Ð°Ð½Ð¸Ñ Ð°ÑÑ€Ð¾Ð¿Ð¾Ñ€Ñ‚Ð¾Ð² Ñ€ÐµÐ´ÐºÐ¾ Ð¼ÐµÐ½ÑÑŽÑ‚ÑÑ, ÑÑ‚Ð¾ Ñ…Ð¾Ñ€Ð¾ÑˆÐ¸Ð¹ ÐºÐ¾Ð¼Ð¿Ñ€Ð¾Ð¼Ð¸ÑÑ Ð¼ÐµÐ¶Ð´Ñƒ ÑÐºÐ¾Ñ€Ð¾ÑÑ‚ÑŒÑŽ Ð¸ Ñ†ÐµÐ»Ð¾ÑÑ‚Ð½Ð¾ÑÑ‚ÑŒÑŽ Ð´Ð°Ð½Ð½Ñ‹Ñ…",False
143,38,"Ð­Ñ‚Ð¾Ñ‚ Ð¼ÐµÑ‚Ð¾Ð´ Ð½Ð°Ð·Ñ‹Ð²Ð°ÐµÑ‚ÑÑ Ð¿Ð°Ñ€Ñ‚Ð¸Ñ†Ð¸Ð¾Ð½Ð¸Ñ€Ð¾Ð²Ð°Ð½Ð¸Ðµ. ÐœÑ‹ Ð¾ÑÐ¾Ð·Ð½Ð°Ð½Ð½Ð¾ Ð´ÑƒÐ±Ð»Ð¸Ñ€ÑƒÐµÐ¼ Ð´Ð°Ð½Ð½Ñ‹Ðµ, Ñ‡Ñ‚Ð¾Ð±Ñ‹ ÑƒÑÐºÐ¾Ñ€Ð¸Ñ‚ÑŒ Ð²Ñ‹Ð±Ð¾Ñ€ÐºÑƒ, Ð¶ÐµÑ€Ñ‚Ð²ÑƒÑ Ð¸Ð·Ð±Ñ‹Ñ‚Ð¾Ñ‡Ð½Ð¾ÑÑ‚ÑŒÑŽ.
ÐŸÐ»ÑŽÑÑ‹:
âœ… Ð‘Ñ‹ÑÑ‚Ñ€ÐµÐµ Ñ€Ð°Ð±Ð¾Ñ‚Ð°ÑŽÑ‚ Ð·Ð°Ð¿Ñ€Ð¾ÑÑ‹ Ð±ÐµÐ· JOIN
âœ… Ð¡Ð½Ð¸Ð¶Ð°ÐµÑ‚ÑÑ Ð½Ð°Ð³Ñ€ÑƒÐ·ÐºÐ° Ð½Ð° ÑÐµÑ€Ð²ÐµÑ€ Ð¿Ñ€Ð¸ Ñ‡Ð°ÑÑ‚Ñ‹Ñ… Ð¿Ð¾Ð¸ÑÐºÐ°Ñ… Ñ€ÐµÐ¹ÑÐ¾Ð²
ÐœÐ¸Ð½ÑƒÑÑ‹:
âŒ Ð•ÑÐ»Ð¸ Ð°ÑÑ€Ð¾Ð¿Ð¾Ñ€Ñ‚ ÑÐ¼ÐµÐ½Ð¸Ñ‚ Ð½Ð°Ð·Ð²Ð°Ð½Ð¸Ðµ, ÐµÐ³Ð¾ Ð½ÑƒÐ¶Ð½Ð¾ Ð¾Ð±Ð½Ð¾Ð²Ð»ÑÑ‚ÑŒ Ð²Ð¾ Ð²ÑÐµÑ… Ð·Ð°Ð¿Ð¸ÑÑÑ… Ñ‚Ð°Ð±Ð»Ð¸Ñ†Ñ‹ flights
âŒ Ð‘Ð°Ð·Ð° Ð´Ð°Ð½Ð½Ñ‹Ñ… ÑÑ‚Ð°Ð½Ð¾Ð²Ð¸Ñ‚ÑÑ Ð±Ð¾Ð»ÑŒÑˆÐµ Ð¸Ð·-Ð·Ð° Ð´ÑƒÐ±Ð»Ð¸Ñ€Ð¾Ð²Ð°Ð½Ð¸Ñ Ð´Ð°Ð½Ð½Ñ‹Ñ…
ÐŸÐ°Ñ€Ñ‚Ð¸Ñ†Ð¸Ð¾Ð½Ð¸Ñ€Ð¾Ð²Ð°Ð½Ð¸Ðµ Ð¾ÑÐ¾Ð±ÐµÐ½Ð½Ð¾ Ð¿Ð¾Ð»ÐµÐ·Ð½Ð¾, ÐºÐ¾Ð³Ð´Ð° Ñƒ Ð½Ð°Ñ Ð¼Ð½Ð¾Ð³Ð¾ Ð¸Ð·Ð¼ÐµÐ½ÐµÐ½Ð¸Ð¹ Ð¸ Ð¼Ð°Ð»Ð¾ Ñ‡Ñ‚ÐµÐ½Ð¸Ñ. ÐÐ°Ð¿Ñ€Ð¸Ð¼ÐµÑ€, ÐµÑÐ»Ð¸ Ð½Ð°Ð·Ð²Ð°Ð½Ð¸Ñ Ð°ÑÑ€Ð¾Ð¿Ð¾Ñ€Ñ‚Ð¾Ð² Ñ‡Ð°ÑÑ‚Ð¾ Ð¼ÐµÐ½ÑÑŽÑ‚ÑÑ, ÑÑ‚Ð¾ Ñ…Ð¾Ñ€Ð¾ÑˆÐ¸Ð¹ ÐºÐ¾Ð¼Ð¿Ñ€Ð¾Ð¼Ð¸ÑÑ Ð¼ÐµÐ¶Ð´Ñƒ ÑÐºÐ¾Ñ€Ð¾ÑÑ‚ÑŒÑŽ Ð¸ Ñ†ÐµÐ»Ð¾ÑÑ‚Ð½Ð¾ÑÑ‚ÑŒÑŽ Ð´Ð°Ð½Ð½Ñ‹Ñ…",False
144,38,"Ð­Ñ‚Ð¾Ñ‚ Ð¼ÐµÑ‚Ð¾Ð´ Ð½Ð°Ð·Ñ‹Ð²Ð°ÐµÑ‚ÑÑ Ð¾Ð¿Ñ‚Ð¸Ð¼Ð¸Ð·Ð°Ñ†Ð¸Ñ Ð·Ð°Ð¿Ñ€Ð¾ÑÐ°. ÐœÑ‹ Ð¾ÑÐ¾Ð·Ð½Ð°Ð½Ð½Ð¾ Ð´ÑƒÐ±Ð»Ð¸Ñ€ÑƒÐµÐ¼ Ð´Ð°Ð½Ð½Ñ‹Ðµ, Ñ‡Ñ‚Ð¾Ð±Ñ‹ ÑƒÑÐºÐ¾Ñ€Ð¸Ñ‚ÑŒ Ð²Ñ‹Ð±Ð¾Ñ€ÐºÑƒ, Ð¶ÐµÑ€Ñ‚Ð²ÑƒÑ Ð¸Ð·Ð±Ñ‹Ñ‚Ð¾Ñ‡Ð½Ð¾ÑÑ‚ÑŒÑŽ.
ÐŸÐ»ÑŽÑÑ‹:
âœ… Ð‘Ñ‹ÑÑ‚Ñ€ÐµÐµ Ñ€Ð°Ð±Ð¾Ñ‚Ð°ÑŽÑ‚ Ð·Ð°Ð¿Ñ€Ð¾ÑÑ‹ Ð±ÐµÐ· JOIN
âœ… Ð¡Ð½Ð¸Ð¶Ð°ÐµÑ‚ÑÑ Ð½Ð°Ð³Ñ€ÑƒÐ·ÐºÐ° Ð½Ð° ÑÐµÑ€Ð²ÐµÑ€ Ð¿Ñ€Ð¸ Ñ‡Ð°ÑÑ‚Ñ‹Ñ… Ð¿Ð¾Ð¸ÑÐºÐ°Ñ… Ñ€ÐµÐ¹ÑÐ¾Ð²
ÐœÐ¸Ð½ÑƒÑÑ‹:
âŒ Ð•ÑÐ»Ð¸ Ð°ÑÑ€Ð¾Ð¿Ð¾Ñ€Ñ‚ ÑÐ¼ÐµÐ½Ð¸Ñ‚ Ð½Ð°Ð·Ð²Ð°Ð½Ð¸Ðµ, ÐµÐ³Ð¾ Ð½ÑƒÐ¶Ð½Ð¾ Ð¾Ð±Ð½Ð¾Ð²Ð»ÑÑ‚ÑŒ Ð²Ð¾ Ð²ÑÐµÑ… Ð·Ð°Ð¿Ð¸ÑÑÑ… Ñ‚Ð°Ð±Ð»Ð¸Ñ†Ñ‹ flights
âŒ Ð‘Ð°Ð·Ð° Ð´Ð°Ð½Ð½Ñ‹Ñ… ÑÑ‚Ð°Ð½Ð¾Ð²Ð¸Ñ‚ÑÑ Ð±Ð¾Ð»ÑŒÑˆÐµ Ð¸Ð·-Ð·Ð° Ð´ÑƒÐ±Ð»Ð¸Ñ€Ð¾Ð²Ð°Ð½Ð¸Ñ Ð´Ð°Ð½Ð½Ñ‹Ñ…
ÐžÐ¿Ñ‚Ð¸Ð¼Ð¸Ð·Ð°Ñ†Ð¸Ñ Ð·Ð°Ð¿Ñ€Ð¾ÑÐ° Ð¾ÑÐ¾Ð±ÐµÐ½Ð½Ð¾ Ð¿Ð¾Ð»ÐµÐ·Ð½Ð°, ÐºÐ¾Ð³Ð´Ð° Ñƒ Ð½Ð°Ñ Ð¼Ð½Ð¾Ð³Ð¾ Ñ‡Ñ‚ÐµÐ½Ð¸Ñ Ð¸ Ð¼Ð°Ð»Ð¾ Ð¸Ð·Ð¼ÐµÐ½ÐµÐ½Ð¸Ð¹. ÐÐ°Ð¿Ñ€Ð¸Ð¼ÐµÑ€, ÐµÑÐ»Ð¸ Ð½Ð°Ð·Ð²Ð°Ð½Ð¸Ñ Ð°ÑÑ€Ð¾Ð¿Ð¾Ñ€Ñ‚Ð¾Ð² Ñ€ÐµÐ´ÐºÐ¾ Ð¼ÐµÐ½ÑÑŽÑ‚ÑÑ, ÑÑ‚Ð¾ Ñ…Ð¾Ñ€Ð¾ÑˆÐ¸Ð¹ ÐºÐ¾Ð¼Ð¿Ñ€Ð¾Ð¼Ð¸ÑÑ Ð¼ÐµÐ¶Ð´Ñƒ ÑÐºÐ¾Ñ€Ð¾ÑÑ‚ÑŒÑŽ Ð¸ Ñ†ÐµÐ»Ð¾ÑÑ‚Ð½Ð¾ÑÑ‚ÑŒÑŽ Ð´Ð°Ð½Ð½Ñ‹Ñ…",False
145,39,"Ð¡Ð¼Ð¾Ñ‚Ñ€Ð¸ Ð½Ð° CTE Scan Ð¸ Materialize:
- Ð•ÑÐ»Ð¸ CTE Ð´ÐµÐ¹ÑÑ‚Ð²Ð¸Ñ‚ÐµÐ»ÑŒÐ½Ð¾ Ð¼Ð°Ñ‚ÐµÑ€Ð¸Ð°Ð»Ð¸Ð·Ð¾Ð²Ð°Ð»ÑÑ, Ð² Ð¿Ð»Ð°Ð½Ðµ Ð±ÑƒÐ´ÐµÑ‚ CTE Scan, Ð° Ñ€ÑÐ´Ð¾Ð¼ â€” Materialize
- Ð•ÑÐ»Ð¸ CTE Ð¸ÑÐ¿Ð¾Ð»ÑŒÐ·ÑƒÐµÑ‚ÑÑ Ð½ÐµÑÐºÐ¾Ð»ÑŒÐºÐ¾ Ñ€Ð°Ð· â€” Ð±ÑƒÐ´ÐµÑ‚ Ð½ÐµÑÐºÐ¾Ð»ÑŒÐºÐ¾ CTE Scan Ñ Ð¾Ð´Ð¸Ð½Ð°ÐºÐ¾Ð²Ñ‹Ð¼Ð¸ Ð¿Ð¾Ð´Ð´ÐµÑ€ÐµÐ²ÑŒÑÐ¼Ð¸
Ð•ÑÐ»Ð¸ PostgreSQL Ð·Ð°Ð¸Ð½Ð»Ð°Ð¹Ð½Ð¸Ñ‚ CTE â€” Ð¾Ð½ Ð²Ð¾Ð¾Ð±Ñ‰Ðµ Ð¸ÑÑ‡ÐµÐ·Ð½ÐµÑ‚ ÐºÐ°Ðº Ð¾Ñ‚Ð´ÐµÐ»ÑŒÐ½Ñ‹Ð¹ ÑˆÐ°Ð³, ÐµÐ³Ð¾ Ñ‚ÐµÐ»Ð¾ Ð²ÑÑ‚Ñ€Ð¾ÑÑ‚ Ð² Ð¾ÑÐ½Ð¾Ð²Ð½Ð¾Ð¹ Ð¿Ð»Ð°Ð½",True
146,39,"CTE Ð²ÑÐµÐ³Ð´Ð° Ð¸Ð½Ð»Ð°Ð¹Ð½Ð¸Ñ‚ÑÑ, Ð¿Ð¾Ñ‚Ð¾Ð¼Ñƒ Ñ‡Ñ‚Ð¾ PostgreSQL Ð¿Ð¾ ÑƒÐ¼Ð¾Ð»Ñ‡Ð°Ð½Ð¸ÑŽ ÑÑ‚Ñ€ÐµÐ¼Ð¸Ñ‚ÑÑ Ð¼Ð¸Ð½Ð¸Ð¼Ð¸Ð·Ð¸Ñ€Ð¾Ð²Ð°Ñ‚ÑŒ Ð¸Ð·Ð±Ñ‹Ñ‚Ð¾Ñ‡Ð½Ñ‹Ðµ Ð²Ñ‹Ñ‡Ð¸ÑÐ»ÐµÐ½Ð¸Ñ
Ð”Ð°Ð¶Ðµ ÐµÑÐ»Ð¸ CTE Ð¸ÑÐ¿Ð¾Ð»ÑŒÐ·ÑƒÐµÑ‚ÑÑ Ð½ÐµÑÐºÐ¾Ð»ÑŒÐºÐ¾ Ñ€Ð°Ð·, ÐµÐ³Ð¾ Ð»Ð¾Ð³Ð¸ÐºÐ° Ð¿Ñ€Ð¾ÑÑ‚Ð¾ Ð´ÑƒÐ±Ð»Ð¸Ñ€ÑƒÐµÑ‚ÑÑ Ð² Ð¿Ð»Ð°Ð½Ðµ, Ð° Ð½Ðµ ÑÐ¾Ñ…Ñ€Ð°Ð½ÑÐµÑ‚ÑÑ Ð¾Ñ‚Ð´ÐµÐ»ÑŒÐ½Ð¾
Ð­Ñ‚Ð¾ Ð¿Ð¾Ð·Ð²Ð¾Ð»ÑÐµÑ‚ Ð¿Ð»Ð°Ð½Ð¸Ñ€Ð¾Ð²Ñ‰Ð¸ÐºÑƒ Ð³Ð¸Ð±ÐºÐ¾ Ð°Ð´Ð°Ð¿Ñ‚Ð¸Ñ€Ð¾Ð²Ð°Ñ‚ÑŒ Ð¿Ð¾Ð´Ð·Ð°Ð¿Ñ€Ð¾Ñ Ð¿Ð¾Ð´ ÐºÐ°Ð¶Ð´Ñ‹Ð¹ ÐºÐ¾Ð½ÐºÑ€ÐµÑ‚Ð½Ñ‹Ð¹ ÐºÐ¾Ð½Ñ‚ÐµÐºÑÑ‚ Ð²Ñ‹Ð¿Ð¾Ð»Ð½ÐµÐ½Ð¸Ñ",False
147,39,"ÐœÐ°Ñ‚ÐµÑ€Ð¸Ð°Ð»Ð¸Ð·Ð°Ñ†Ð¸ÑŽ Ð»ÐµÐ³ÐºÐ¾ Ð¾Ð¿Ñ€ÐµÐ´ÐµÐ»Ð¸Ñ‚ÑŒ Ð¿Ð¾ ÑˆÐ°Ð³Ð°Ð¼ Hash Join, ÐºÐ¾Ñ‚Ð¾Ñ€Ñ‹Ðµ Ñ‡Ð°ÑÑ‚Ð¾ Ð¿Ð¾ÑÐ²Ð»ÑÑŽÑ‚ÑÑ ÑÑ€Ð°Ð·Ñƒ Ð¿Ð¾ÑÐ»Ðµ CTE
Ð­Ñ‚Ð¾ Ð¾Ð±ÑŠÑÑÐ½ÑÐµÑ‚ÑÑ Ñ‚ÐµÐ¼, Ñ‡Ñ‚Ð¾ PostgreSQL, Ð¿Ð¾Ð»ÑƒÑ‡Ð¸Ð² ÑƒÐ¶Ðµ Ð³Ð¾Ñ‚Ð¾Ð²Ñ‹Ð¹ Ñ€ÐµÐ·ÑƒÐ»ÑŒÑ‚Ð°Ñ‚ CTE, Ð¼Ð¾Ð¶ÐµÑ‚ ÑÑ€Ð°Ð·Ñƒ Ð¸ÑÐ¿Ð¾Ð»ÑŒÐ·Ð¾Ð²Ð°Ñ‚ÑŒ ÐµÐ³Ð¾ Ð² Ñ…ÐµÑˆ-Ð¾Ð¿ÐµÑ€Ð°Ñ†Ð¸ÑÑ…
Ð•ÑÐ»Ð¸ Ñ…ÐµÑˆÐ° Ð½ÐµÑ‚, Ð·Ð½Ð°Ñ‡Ð¸Ñ‚, ÑÐºÐ¾Ñ€ÐµÐµ Ð²ÑÐµÐ³Ð¾, CTE Ð±Ñ‹Ð» Ð²ÑÑ‚Ñ€Ð¾ÐµÐ½ Ð½Ð°Ð¿Ñ€ÑÐ¼ÑƒÑŽ, Ð±ÐµÐ· Ð¿Ñ€ÐµÐ´Ð²Ð°Ñ€Ð¸Ñ‚ÐµÐ»ÑŒÐ½Ð¾Ð³Ð¾ Ð²Ñ‹Ñ‡Ð¸ÑÐ»ÐµÐ½Ð¸Ñ",False
148,39,"PostgreSQL Ð¿Ñ€Ð¸ Ð³ÐµÐ½ÐµÑ€Ð°Ñ†Ð¸Ð¸ Ð¿Ð»Ð°Ð½Ð° ÑƒÐºÐ°Ð·Ñ‹Ð²Ð°ÐµÑ‚ ÑÐ²Ð½ÑƒÑŽ Ð¿Ð¾Ð´ÑÐºÐ°Ð·ÐºÑƒ Ð¾ ÑÑ‚Ð°Ñ‚ÑƒÑÐµ CTE Ð² Ð²Ð¸Ð´Ðµ ÑÑ‚Ñ€Ð¾ÐºÐ¸ ""CTE Materialized: Yes"" Ð¸Ð»Ð¸ ""No""
Ð­Ñ‚Ð¾ Ð²ÑÑ‚Ñ€Ð¾ÐµÐ½Ð½Ð°Ñ Ð²Ð½ÑƒÑ‚Ñ€ÐµÐ½Ð½ÑÑ Ð¼ÐµÑ‚Ð°-Ð¸Ð½Ñ„Ð¾Ñ€Ð¼Ð°Ñ†Ð¸Ñ, ÐºÐ¾Ñ‚Ð¾Ñ€Ð°Ñ Ð¿Ð¾Ð¼Ð¾Ð³Ð°ÐµÑ‚ Ñ‚Ð¾Ñ‡Ð½Ð¾ Ð¿Ð¾Ð½ÑÑ‚ÑŒ, Ð±Ñ‹Ð» Ð»Ð¸ Ð¿Ð¾Ð´Ð·Ð°Ð¿Ñ€Ð¾Ñ Ð²Ñ‹Ð¿Ð¾Ð»Ð½ÐµÐ½ Ð·Ð°Ñ€Ð°Ð½ÐµÐµ Ð¸Ð»Ð¸ Ð¿Ñ€Ð¾ÑÑ‚Ð¾ Ð²ÑÑ‚Ñ€Ð¾ÐµÐ½ Ð² Ð¾ÑÐ½Ð¾Ð²Ð½Ð¾Ð¹ Ð¿Ð¾Ñ‚Ð¾Ðº Ð²Ñ‹Ð¿Ð¾Ð»Ð½ÐµÐ½Ð¸Ñ Ð·Ð°Ð¿Ñ€Ð¾ÑÐ°",False
149,40,"- ÐŸÐ»ÑŽÑÑ‹:
  - Ñ€ÐµÐ·ÑƒÐ»ÑŒÑ‚Ð°Ñ‚ ÑÐ¾Ñ…Ñ€Ð°Ð½ÑÐµÑ‚ÑÑ Ð½Ð° Ð´Ð¸ÑÐº â€” Ð½Ðµ Ð½Ð°Ð´Ð¾ Ð¿ÐµÑ€ÐµÑÑ‡Ð¸Ñ‚Ñ‹Ð²Ð°Ñ‚ÑŒ ÐºÐ°Ð¶Ð´Ñ‹Ð¹ Ñ€Ð°Ð·
  - Ð±Ñ‹ÑÑ‚Ñ€ÐµÐµ Ð¾Ð±Ñ‹Ñ‡Ð½Ð¾Ð³Ð¾ VIEW
  - Ð¼Ð¾Ð¶Ð½Ð¾ Ð²ÐµÑˆÐ°Ñ‚ÑŒ Ð¸Ð½Ð´ÐµÐºÑÑ‹
- ÐœÐ¸Ð½ÑƒÑÑ‹:
  - ÑÐ°Ð¼ Ð¿Ð¾ ÑÐµÐ±Ðµ Ð½Ðµ Ð¾Ð±Ð½Ð¾Ð²Ð»ÑÐµÑ‚ÑÑ, Ð½ÑƒÐ¶ÐµÐ½ REFRESH Ð²Ñ€ÑƒÑ‡Ð½ÑƒÑŽ Ð¸Ð»Ð¸ Ð¿Ð¾ ÐºÑ€Ð¾Ð½Ñƒ
  - ÐµÑÐ»Ð¸ Ð±Ð°Ð·Ð¾Ð²Ð°Ñ Ñ‚Ð°Ð±Ð»Ð¸Ñ†Ð° Ð¿Ð¾Ð¼ÐµÐ½ÑÐ»Ð°ÑÑŒ, Ð° MATERIALIZED VIEW Ð½ÐµÑ‚ â€” Ð±ÑƒÐ´ÑƒÑ‚ ÑƒÑÑ‚Ð°Ñ€ÐµÐ²ÑˆÐ¸Ðµ Ð´Ð°Ð½Ð½Ñ‹Ðµ
Ð¢Ð°Ðº Ñ‡Ñ‚Ð¾ Ð¾Ñ‚Ð»Ð¸Ñ‡Ð½Ð¾ Ð¿Ð¾Ð´Ñ…Ð¾Ð´Ð¸Ñ‚ Ð´Ð»Ñ Ñ‚ÑÐ¶Ñ‘Ð»Ñ‹Ñ…, Ñ€ÐµÐ´ÐºÐ¾ Ð¾Ð±Ð½Ð¾Ð²Ð»ÑÐµÐ¼Ñ‹Ñ… Ð¾Ñ‚Ñ‡Ñ‘Ñ‚Ð¾Ð² Ð¸Ð»Ð¸ Ð°Ð³Ñ€ÐµÐ³Ð°Ñ†Ð¸Ð¹
ÐÐ¾ Ð·Ð° Ð°ÐºÑ‚ÑƒÐ°Ð»ÑŒÐ½Ð¾ÑÑ‚ÑŒÑŽ Ð´Ð°Ð½Ð½Ñ‹Ñ… Ð¿Ñ€Ð¸Ð´Ñ‘Ñ‚ÑÑ ÑÐ»ÐµÐ´Ð¸Ñ‚ÑŒ",True
150,40,"- ÐŸÐ»ÑŽÑÑ‹:
  - Ð²ÑÐµÐ³Ð´Ð° ÑÐ¾Ð´ÐµÑ€Ð¶Ð¸Ñ‚ Ð°ÐºÑ‚ÑƒÐ°Ð»ÑŒÐ½Ñ‹Ðµ Ð´Ð°Ð½Ð½Ñ‹Ðµ Ð±ÐµÐ· Ð´Ð¾Ð¿Ð¾Ð»Ð½Ð¸Ñ‚ÐµÐ»ÑŒÐ½Ð¾Ð³Ð¾ Ð¾Ð±Ð½Ð¾Ð²Ð»ÐµÐ½Ð¸Ñ
  - Ð°Ð²Ñ‚Ð¾Ð¼Ð°Ñ‚Ð¸Ñ‡ÐµÑÐºÐ¸ ÑÐ¸Ð½Ñ…Ñ€Ð¾Ð½Ð¸Ð·Ð¸Ñ€ÑƒÐµÑ‚ÑÑ Ð¿Ñ€Ð¸ Ð¸Ð·Ð¼ÐµÐ½ÐµÐ½Ð¸Ð¸ Ð±Ð°Ð·Ð¾Ð²Ð¾Ð¹ Ñ‚Ð°Ð±Ð»Ð¸Ñ†Ñ‹
  - Ð½Ðµ Ñ‚Ñ€ÐµÐ±ÑƒÐµÑ‚ Ñ€ÑƒÑ‡Ð½Ð¾Ð³Ð¾ ÐºÐ¾Ð½Ñ‚Ñ€Ð¾Ð»Ñ
- ÐœÐ¸Ð½ÑƒÑÑ‹:
  - Ð½ÐµÐ»ÑŒÐ·Ñ Ð¸ÑÐ¿Ð¾Ð»ÑŒÐ·Ð¾Ð²Ð°Ñ‚ÑŒ Ð¸Ð½Ð´ÐµÐºÑÑ‹
  - Ð·Ð°Ð½Ð¸Ð¼Ð°ÐµÑ‚ Ð±Ð¾Ð»ÑŒÑˆÐµ Ð¿Ð°Ð¼ÑÑ‚Ð¸ Ð² Ð¾Ð¿ÐµÑ€Ð°Ñ‚Ð¸Ð²ÐºÐµ
Ð˜ÑÐ¿Ð¾Ð»ÑŒÐ·ÑƒÐµÑ‚ÑÑ Ñ‚Ð°Ð¼, Ð³Ð´Ðµ Ð²Ð°Ð¶Ð½Ð° Ñ‚Ð¾Ñ‡Ð½Ð¾ÑÑ‚ÑŒ, Ð° Ð½Ðµ Ð¿Ñ€Ð¾Ð¸Ð·Ð²Ð¾Ð´Ð¸Ñ‚ÐµÐ»ÑŒÐ½Ð¾ÑÑ‚ÑŒ",False
151,40,"- ÐŸÐ»ÑŽÑÑ‹:
  - VIEW Ð¼Ð¾Ð¶Ð½Ð¾ Ð¸Ð½Ð´ÐµÐºÑÐ¸Ñ€Ð¾Ð²Ð°Ñ‚ÑŒ, Ð° MATERIALIZED VIEW â€” Ð½ÐµÑ‚
  - Ð¿Ð¾ÑÐ»ÐµÐ´Ð½Ð¸Ð¹ Ð»ÐµÐ³Ñ‡Ðµ Ñ‡Ð¸Ñ‚Ð°ÐµÑ‚ÑÑ Ð¸ Ð¾Ñ‚Ð»Ð°Ð¶Ð¸Ð²Ð°ÐµÑ‚ÑÑ
  - Ð±Ñ‹ÑÑ‚Ñ€ÐµÐµ Ð² Ð½Ð°Ð¿Ð¸ÑÐ°Ð½Ð¸Ð¸
- ÐœÐ¸Ð½ÑƒÑÑ‹:
  - MATERIALIZED VIEW Ð²ÑÐµÐ³Ð´Ð° ÑÑ‡Ð¸Ñ‚Ð°ÐµÑ‚ÑÑ Ð½Ð° Ð»ÐµÑ‚Ñƒ
  - Ð½Ðµ Ð¼Ð¾Ð¶ÐµÑ‚ Ð¸ÑÐ¿Ð¾Ð»ÑŒÐ·Ð¾Ð²Ð°Ñ‚ÑŒÑÑ Ñ Ð°Ð³Ñ€ÐµÐ³Ð°Ñ‚Ð°Ð¼Ð¸
ÐŸÐ¾Ð´Ñ…Ð¾Ð´Ð¸Ñ‚ Ð´Ð»Ñ Ð²Ñ€ÐµÐ¼ÐµÐ½Ð½Ñ‹Ñ… Ð´Ð°Ð½Ð½Ñ‹Ñ…, Ð° Ð½Ðµ Ð´Ð»Ñ Ð¾Ñ‚Ñ‡Ñ‘Ñ‚Ð¾Ð²",False
152,40,"- ÐŸÐ»ÑŽÑÑ‹:
  - Ð¾Ð±Ð° Ñ‚Ð¸Ð¿Ð° VIEW Ð¾Ð±Ð½Ð¾Ð²Ð»ÑÑŽÑ‚ÑÑ Ð°Ð²Ñ‚Ð¾Ð¼Ð°Ñ‚Ð¸Ñ‡ÐµÑÐºÐ¸ Ð¿Ñ€Ð¸ Ð¸Ð·Ð¼ÐµÐ½ÐµÐ½Ð¸ÑÑ…
  - Ð½ÐµÑ‚ Ð½ÐµÐ¾Ð±Ñ…Ð¾Ð´Ð¸Ð¼Ð¾ÑÑ‚Ð¸ Ð²Ñ‹Ð·Ñ‹Ð²Ð°Ñ‚ÑŒ REFRESH Ð²Ñ€ÑƒÑ‡Ð½ÑƒÑŽ
  - Ð½Ðµ Ð½ÑƒÐ¶Ð½Ð¾ Ð´ÑƒÐ¼Ð°Ñ‚ÑŒ Ð¾Ð± Ð°ÐºÑ‚ÑƒÐ°Ð»ÑŒÐ½Ð¾ÑÑ‚Ð¸
- ÐœÐ¸Ð½ÑƒÑÑ‹:
  - MATERIALIZED VIEW Ð¼ÐµÐ´Ð»ÐµÐ½Ð½ÐµÐµ Ð¾Ð±Ñ‹Ñ‡Ð½Ð¾Ð³Ð¾ VIEW
  - Ð½ÐµÐ»ÑŒÐ·Ñ ÑÑ‚Ñ€Ð¾Ð¸Ñ‚ÑŒ ÑÐ»Ð¾Ð¶Ð½Ñ‹Ðµ ÑÐ²ÑÐ·Ð¸
Ð˜Ñ… Ð¿Ñ€Ð¸Ð¼ÐµÐ½ÑÑŽÑ‚ Ð² OLTP-ÑÐ¸ÑÑ‚ÐµÐ¼Ð°Ñ…, Ð³Ð´Ðµ Ð²Ð°Ð¶Ð½Ð° Ð³Ð¸Ð±ÐºÐ¾ÑÑ‚ÑŒ",False
153,41,"â€” Ð¡Ð½Ð°Ñ‡Ð°Ð»Ð° Ð²Ñ‹Ð¿Ð¾Ð»Ð½ÑŽ EXPLAIN ANALYZE, Ñ‡Ñ‚Ð¾Ð±Ñ‹ ÑƒÐ²Ð¸Ð´ÐµÑ‚ÑŒ Ñ€ÐµÐ°Ð»ÑŒÐ½Ñ‹Ð¹ Ð¿Ð»Ð°Ð½ Ð·Ð°Ð¿Ñ€Ð¾ÑÐ°
â€” Ð¡Ñ€Ð°Ð²Ð½ÑŽ Ð¾Ñ†ÐµÐ½Ð¾Ñ‡Ð½Ð¾Ðµ Ð¸ Ñ„Ð°ÐºÑ‚Ð¸Ñ‡ÐµÑÐºÐ¾Ðµ ÐºÐ¾Ð»Ð¸Ñ‡ÐµÑÑ‚Ð²Ð¾ ÑÑ‚Ñ€Ð¾Ðº
â€” Ð•ÑÐ»Ð¸ Ñ€Ð°ÑÑ…Ð¾Ð¶Ð´ÐµÐ½Ð¸Ðµ Ð±Ð¾Ð»ÑŒÑˆÐ¾Ðµ â€” ÑÐ´ÐµÐ»Ð°ÑŽ ANALYZE Ñ‚Ð°Ð±Ð»Ð¸Ñ†Ñ‹
â€” ÐŸÑ€Ð¾Ð²ÐµÑ€ÑŽ, Ð¸ÑÐ¿Ð¾Ð»ÑŒÐ·ÑƒÑŽÑ‚ÑÑ Ð»Ð¸ Ð¸Ð½Ð´ÐµÐºÑÑ‹
â€” ÐŸÑ€Ð¸ Ð½ÐµÐ¾Ð±Ñ…Ð¾Ð´Ð¸Ð¼Ð¾ÑÑ‚Ð¸ â€” Ð¿ÐµÑ€ÐµÐ¿Ð¸ÑˆÑƒ Ð·Ð°Ð¿Ñ€Ð¾Ñ Ð¸Ð»Ð¸ Ð´Ð¾Ð±Ð°Ð²Ð»ÑŽ Ñ€Ð°ÑÑˆÐ¸Ñ€ÐµÐ½Ð½ÑƒÑŽ ÑÑ‚Ð°Ñ‚Ð¸ÑÑ‚Ð¸ÐºÑƒ
â€” ÐžÑ†ÐµÐ½ÑŽ Ð¿Ð°Ñ€Ð°Ð¼ÐµÑ‚Ñ€Ñ‹ ÐºÐ¾Ð½Ñ„Ð¸Ð³ÑƒÑ€Ð°Ñ†Ð¸Ð¸ PostgreSQL, Ð²Ð»Ð¸ÑÑŽÑ‰Ð¸Ðµ Ð½Ð° Ð¿Ð»Ð°Ð½Ð¸Ñ€Ð¾Ð²Ñ‰Ð¸Ðº
â€” ÐŸÑ€Ð¸ Ð½ÐµÐ¾Ð±Ñ…Ð¾Ð´Ð¸Ð¼Ð¾ÑÑ‚Ð¸ â€” Ð¿Ñ€Ð¾Ð²ÐµÐ´Ñƒ Ð½Ð°Ð³Ñ€ÑƒÐ·Ð¾Ñ‡Ð½Ð¾Ðµ Ñ‚ÐµÑÑ‚Ð¸Ñ€Ð¾Ð²Ð°Ð½Ð¸Ðµ Ð¸ Ð¿Ð¾ÑÐ¼Ð¾Ñ‚Ñ€ÑŽ Ð±Ð»Ð¾ÐºÐ¸Ñ€Ð¾Ð²ÐºÐ¸ Ð¸Ð»Ð¸ I/O-Ð·Ð°Ð´ÐµÑ€Ð¶ÐºÐ¸",True
154,41,"â€” ÐÐ°Ñ‡Ð½Ñƒ Ñ Ð°Ð½Ð°Ð»Ð¸Ð·Ð° ÑÑ‚Ñ€ÑƒÐºÑ‚ÑƒÑ€Ñ‹ Ñ‚Ð°Ð±Ð»Ð¸Ñ† Ð¸ ÑƒÐ´Ð°Ð»ÑŽ Ð½ÐµÐ¸ÑÐ¿Ð¾Ð»ÑŒÐ·ÑƒÐµÐ¼Ñ‹Ðµ Ð¿Ð¾Ð»Ñ
â€” Ð’Ñ‹Ð¿Ð¾Ð»Ð½ÑŽ REINDEX, Ñ‡Ñ‚Ð¾Ð±Ñ‹ ÑƒÑÐºÐ¾Ñ€Ð¸Ñ‚ÑŒ Ð´Ð¾ÑÑ‚ÑƒÐ¿
â€” ÐŸÑ€Ð¾Ð²ÐµÑ€ÑŽ, ÐµÑÑ‚ÑŒ Ð»Ð¸ Ñ‚Ñ€Ð¸Ð³Ð³ÐµÑ€Ñ‹, Ð·Ð°Ð¼ÐµÐ´Ð»ÑÑŽÑ‰Ð¸Ðµ Ð²Ñ‹Ð¿Ð¾Ð»Ð½ÐµÐ½Ð¸Ðµ
â€” Ð˜ÑÐ¿Ð¾Ð»ÑŒÐ·ÑƒÑŽ SET enable_nestloop = off, Ñ‡Ñ‚Ð¾Ð±Ñ‹ Ð¾Ñ‚ÐºÐ»ÑŽÑ‡Ð¸Ñ‚ÑŒ Ð²Ð»Ð¾Ð¶ÐµÐ½Ð½Ñ‹Ðµ Ñ†Ð¸ÐºÐ»Ñ‹
â€” ÐÐ°ÑÑ‚Ñ€Ð¾ÑŽ Ð»Ð¾Ð³Ð¸Ñ€Ð¾Ð²Ð°Ð½Ð¸Ðµ Ð¼ÐµÐ´Ð»ÐµÐ½Ð½Ñ‹Ñ… Ð·Ð°Ð¿Ñ€Ð¾ÑÐ¾Ð² Ð¿Ð¾ÑÐ»Ðµ Ð¾Ð¿Ñ‚Ð¸Ð¼Ð¸Ð·Ð°Ñ†Ð¸Ð¸
â€” Ð”Ð¾Ð±Ð°Ð²Ð»ÑŽ VACUUM FULL Ð´Ð»Ñ Ð²ÑÐµÑ… Ñ‚Ð°Ð±Ð»Ð¸Ñ†",False
155,41,"â€” ÐŸÑ€Ð¾Ð²ÐµÑ€ÑŽ, Ð¸ÑÐ¿Ð¾Ð»ÑŒÐ·ÑƒÐµÑ‚ÑÑ Ð»Ð¸ JOIN Ð²Ð¼ÐµÑÑ‚Ð¾ Ð¿Ð¾Ð´Ð·Ð°Ð¿Ñ€Ð¾ÑÐ°
â€” Ð—Ð°Ð¼ÐµÐ½ÑŽ Ð²ÑÐµ JOIN Ð½Ð° Ð¿Ð¾Ð´Ð·Ð°Ð¿Ñ€Ð¾ÑÑ‹, Ð¿Ð¾Ñ‚Ð¾Ð¼Ñƒ Ñ‡Ñ‚Ð¾ Ð¾Ð½Ð¸ Ð±Ñ‹ÑÑ‚Ñ€ÐµÐµ
â€” ÐžÑ‚ÐºÐ»ÑŽÑ‡Ñƒ planner-Ð¾Ð¿Ñ‚Ð¸Ð¼Ð¸Ð·Ð°Ñ†Ð¸Ð¸ Ñ‡ÐµÑ€ÐµÐ· GUC-Ð½Ð°ÑÑ‚Ñ€Ð¾Ð¹ÐºÐ¸
â€” ÐŸÐµÑ€ÐµÐ¿Ð¸ÑˆÑƒ Ð·Ð°Ð¿Ñ€Ð¾Ñ, Ð¸ÑÐºÐ»ÑŽÑ‡Ð¸Ð² Ð°Ð³Ñ€ÐµÐ³Ð°Ñ‚Ð½Ñ‹Ðµ Ñ„ÑƒÐ½ÐºÑ†Ð¸Ð¸
â€” Ð£Ð´Ð°Ð»ÑŽ Ð¸Ð½Ð´ÐµÐºÑÑ‹, ÐµÑÐ»Ð¸ Ð¾Ð½Ð¸ Ð½Ðµ Ð¿Ð¾Ð¼Ð¾Ð³Ð°ÑŽÑ‚ ÑƒÑÐºÐ¾Ñ€ÐµÐ½Ð¸ÑŽ
â€” ÐŸÑ€Ð¾Ñ‚ÐµÑÑ‚Ð¸Ñ€ÑƒÑŽ Ñ‡ÐµÑ€ÐµÐ· EXPLAIN Ð±ÐµÐ· ANALYZE",False
156,41,"â€” Ð¡Ð½Ð°Ñ‡Ð°Ð»Ð° Ð¿Ñ€Ð¾Ð²ÐµÑ€ÑŽ Ñ€Ð°Ð·Ð¼ÐµÑ€ Ñ‚Ð°Ð±Ð»Ð¸Ñ† Ð¸ ÑƒÐ´Ð°Ð»ÑŽ Ð²ÑÐµ ÑÑ‚Ð°Ñ€Ñ‹Ðµ Ð´Ð°Ð½Ð½Ñ‹Ðµ
â€” Ð£ÑÐºÐ¾Ñ€ÑŽ Ð·Ð°Ð¿Ñ€Ð¾Ñ, Ð²Ñ€ÐµÐ¼ÐµÐ½Ð½Ð¾ Ð¾Ñ‚ÐºÐ»ÑŽÑ‡Ð¸Ð² Ð¿Ñ€Ð¾Ð²ÐµÑ€ÐºÑƒ Ð¾Ð³Ñ€Ð°Ð½Ð¸Ñ‡ÐµÐ½Ð¸Ð¹
â€” Ð—Ð°Ð¿ÑƒÑ‰Ñƒ CLUSTER, Ñ‡Ñ‚Ð¾Ð±Ñ‹ Ð¾Ñ‚ÑÐ¾Ñ€Ñ‚Ð¸Ñ€Ð¾Ð²Ð°Ñ‚ÑŒ Ð´Ð°Ð½Ð½Ñ‹Ðµ Ñ„Ð¸Ð·Ð¸Ñ‡ÐµÑÐºÐ¸
â€” Ð˜ÑÐ¿Ð¾Ð»ÑŒÐ·ÑƒÑŽ EXPLAIN BUFFERS Ð²Ð¼ÐµÑÑ‚Ð¾ EXPLAIN ANALYZE
â€” Ð”Ð¾Ð±Ð°Ð²Ð»ÑŽ Ð±Ð¾Ð»ÑŒÑˆÐµ Ð¿Ð°Ð¼ÑÑ‚Ð¸ Ð² PostgreSQL ÐºÐ¾Ð½Ñ„Ð¸Ð³
â€” ÐŸÐ¾Ð¿Ñ€Ð¾Ð±ÑƒÑŽ Ð·Ð°Ð¼ÐµÐ½Ð¸Ñ‚ÑŒ SELECT Ð½Ð° COPY Ð´Ð»Ñ ÑƒÑÐºÐ¾Ñ€ÐµÐ½Ð¸Ñ Ñ‡Ñ‚ÐµÐ½Ð¸Ñ",False
161,43,"1. Ð§ÐµÐ¼ Ð·Ð°Ð¼ÐµÐ½Ð¸Ñ‚ÑŒ EXCEPT:
   Ð˜ÑÐ¿Ð¾Ð»ÑŒÐ·ÑƒÐ¹ LEFT JOIN + IS NULL â€” ÑÑ‚Ð¾ ÑÑ‚Ð°Ð±Ð¸Ð»ÑŒÐ½Ð¾Ðµ Ð¸ Ñ…Ð¾Ñ€Ð¾ÑˆÐ¾ Ð¼Ð°ÑÑˆÑ‚Ð°Ð±Ð¸Ñ€ÑƒÐµÐ¼Ð¾Ðµ Ñ€ÐµÑˆÐµÐ½Ð¸Ðµ:

   SELECT a.user_id  
     FROM group_a a
          LEFT JOIN group_b b
          ON a.user_id = b.user_id
    WHERE b.user_id IS NULL;

   Ð Ð°Ð±Ð¾Ñ‚Ð°ÐµÑ‚ Ð±Ñ‹ÑÑ‚Ñ€Ð¾, Ð¾ÑÐ¾Ð±ÐµÐ½Ð½Ð¾ ÐµÑÐ»Ð¸ Ð½Ð° user_id ÐµÑÑ‚ÑŒ Ð¸Ð½Ð´ÐµÐºÑÑ‹
2. ÐŸÐ¾Ñ‡ÐµÐ¼Ñƒ EXCEPT Ñ‚Ð¾Ñ€Ð¼Ð¾Ð·Ð¸Ñ‚:
   - ÐžÐ½ Ð¼Ð°Ñ‚ÐµÑ€Ð¸Ð°Ð»Ð¸Ð·ÑƒÐµÑ‚ Ð¿Ñ€Ð¾Ð¼ÐµÐ¶ÑƒÑ‚Ð¾Ñ‡Ð½Ñ‹Ðµ Ñ€ÐµÐ·ÑƒÐ»ÑŒÑ‚Ð°Ñ‚Ñ‹
   - Ð”ÐµÐ»Ð°ÐµÑ‚ DISTINCT Ð¿Ð¾ ÑƒÐ¼Ð¾Ð»Ñ‡Ð°Ð½Ð¸ÑŽ, Ð´Ð°Ð¶Ðµ ÐµÑÐ»Ð¸ Ð¾Ð½ Ð½Ðµ Ð½ÑƒÐ¶ÐµÐ½
   - Ð’ÑÑ‘ ÑÑ‚Ð¾ Ð¿Ð»Ð¾Ñ…Ð¾ Ð¼Ð°ÑÑˆÑ‚Ð°Ð±Ð¸Ñ€ÑƒÐµÑ‚ÑÑ Ð½Ð° Ð±Ð¾Ð»ÑŒÑˆÐ¸Ñ… Ð¾Ð±ÑŠÑ‘Ð¼Ð°Ñ…, Ð¿Ð¾Ñ‚Ð¾Ð¼Ñƒ Ñ‡Ñ‚Ð¾ Ñ‚Ñ€ÐµÐ±ÑƒÐµÑ‚ ÑÐ¾Ñ€Ñ‚Ð¸Ñ€Ð¾Ð²ÐºÐ¸ Ð¸ Ð¼Ð½Ð¾Ð³Ð¾ Ð¿Ð°Ð¼ÑÑ‚Ð¸/CPU
3. ÐŸÐ¾Ñ‡ÐµÐ¼Ñƒ ÐµÐ³Ð¾ Ð·Ð°Ð¿Ñ€ÐµÑ‰Ð°ÑŽÑ‚ Ð² Ð¿Ñ€Ð¾Ð´Ðµ:
   - ÐŸÐ¾Ñ‚Ð¾Ð¼Ñƒ Ñ‡Ñ‚Ð¾ EXCEPT Ð¸ INTERSECT â€” Ñ‚ÑÐ¶Ñ‘Ð»Ñ‹Ðµ, Ð½ÐµÐ¿Ñ€ÐµÐ´ÑÐºÐ°Ð·ÑƒÐµÐ¼Ñ‹Ðµ Ð¸ Ñ‚Ñ€ÑƒÐ´Ð½Ð¾Ð¾Ð¿Ñ‚Ð¸Ð¼Ð¸Ð·Ð¸Ñ€ÑƒÐµÐ¼Ñ‹Ðµ
   - Ð LEFT JOIN ... IS NULL â€” Ð¿Ñ€Ð¾Ð·Ñ€Ð°Ñ‡Ð½Ñ‹Ð¹, Ð¿Ñ€ÐµÐ´ÑÐºÐ°Ð·ÑƒÐµÐ¼Ñ‹Ð¹ Ð¸ Ð´Ñ€ÑƒÐ¶Ð¸Ñ‚ Ñ Ð¸Ð½Ð´ÐµÐºÑÐ°Ð¼Ð¸
Ð•ÑÐ»Ð¸ ÐºÐ¾Ñ€Ð¾Ñ‚ÐºÐ¾: EXCEPT â€” Ð¾Ðº Ð´Ð»Ñ Ð°Ð½Ð°Ð»Ð¸Ð·Ð° Ð½Ð° Ð½Ð¾ÑƒÑ‚Ðµ Ð¸Ð»Ð¸ Ð² Ð°Ð´-Ñ…Ð¾ÐºÐµ, Ð½Ð¾ Ð´Ð»Ñ Ð¿Ñ€Ð¾Ð´Ð° Ð¸ real-time Ð°Ð½Ð°Ð»Ð¸Ñ‚Ð¸ÐºÐ¸ â€” Ð»ÑƒÑ‡ÑˆÐµ Ð±Ð¾Ð»ÐµÐµ ÑƒÐ¿Ñ€Ð°Ð²Ð»ÑÐµÐ¼Ñ‹Ðµ Ð°Ð»ÑŒÑ‚ÐµÑ€Ð½Ð°Ñ‚Ð¸Ð²Ñ‹",True
162,43,"1. Ð§ÐµÐ¼ Ð·Ð°Ð¼ÐµÐ½Ð¸Ñ‚ÑŒ EXCEPT:
   Ð˜ÑÐ¿Ð¾Ð»ÑŒÐ·ÑƒÐ¹ FULL JOIN Ñ Ñ„Ð¸Ð»ÑŒÑ‚Ñ€Ð°Ñ†Ð¸ÐµÐ¹ Ð¿Ð¾ NULL:

   SELECT a.user_id  
     FROM group_a a
          FULL JOIN group_b b
          ON a.user_id = b.user_id
    WHERE b.user_id IS NULL;

   Ð­Ñ‚Ð¾ Ð¼Ð¾Ð¶ÐµÑ‚ Ð±Ñ‹Ñ‚ÑŒ Ð¿Ð¾Ð»ÐµÐ·Ð½Ð¾, ÐµÑÐ»Ð¸ Ñ‚ÐµÐ±Ðµ Ð½ÑƒÐ¶Ð½Ð¾ Ð²Ð¸Ð´ÐµÑ‚ÑŒ Ð¸ unmatched ÑÑ‚Ñ€Ð¾ÐºÐ¸ Ð¸Ð· Ð¾Ð±ÐµÐ¸Ñ… Ñ‚Ð°Ð±Ð»Ð¸Ñ†
2. ÐŸÐ¾Ñ‡ÐµÐ¼Ñƒ EXCEPT Ñ‚Ð¾Ñ€Ð¼Ð¾Ð·Ð¸Ñ‚:
   - Ð¡Ð¾Ð·Ð´Ð°Ñ‘Ñ‚ Ð¿Ñ€Ð¾Ð¼ÐµÐ¶ÑƒÑ‚Ð¾Ñ‡Ð½Ñ‹Ðµ Ð²Ñ€ÐµÐ¼ÐµÐ½Ð½Ñ‹Ðµ ÑÑ‚Ñ€ÑƒÐºÑ‚ÑƒÑ€Ñ‹
   - Ð’Ñ‹Ð¿Ð¾Ð»Ð½ÑÐµÑ‚ ÑÐ¾Ñ€Ñ‚Ð¸Ñ€Ð¾Ð²ÐºÑƒ Ð´Ð»Ñ ÑƒÐ½Ð¸ÐºÐ°Ð»Ð¸Ð·Ð°Ñ†Ð¸Ð¸
   - ÐŸÐ»Ð¾Ñ…Ð¾ Ð¼Ð°ÑÑˆÑ‚Ð°Ð±Ð¸Ñ€ÑƒÐµÑ‚ÑÑ Ð¿Ñ€Ð¸ Ð±Ð¾Ð»ÑŒÑˆÐ¾Ð¼ Ñ‡Ð¸ÑÐ»Ðµ ÑÑ‚Ñ€Ð¾Ðº
3. ÐŸÐ¾Ñ‡ÐµÐ¼Ñƒ ÐµÐ³Ð¾ Ð·Ð°Ð¿Ñ€ÐµÑ‰Ð°ÑŽÑ‚ Ð² Ð¿Ñ€Ð¾Ð´Ðµ:
   - Ð¡Ð»Ð¾Ð¶Ð½Ð¾ Ð¿Ñ€Ð¾Ð³Ð½Ð¾Ð·Ð¸Ñ€Ð¾Ð²Ð°Ñ‚ÑŒ Ð¿Ð»Ð°Ð½ Ð·Ð°Ð¿Ñ€Ð¾ÑÐ°
   - ÐœÐµÐ½ÐµÐµ Ð¿Ñ€Ð¾Ð·Ñ€Ð°Ñ‡ÐµÐ½ Ð¿Ð¾ ÑÑ€Ð°Ð²Ð½ÐµÐ½Ð¸ÑŽ Ñ JOIN
   - FULL JOIN Ð´Ð°Ñ‘Ñ‚ Ð±Ð¾Ð»ÑŒÑˆÐµ Ð³Ð¸Ð±ÐºÐ¾ÑÑ‚Ð¸ Ð¿Ñ€Ð¸ Ð¾Ñ‚Ð»Ð°Ð´ÐºÐµ",False
163,43,"1. Ð§ÐµÐ¼ Ð·Ð°Ð¼ÐµÐ½Ð¸Ñ‚ÑŒ EXCEPT:
   Ð˜ÑÐ¿Ð¾Ð»ÑŒÐ·ÑƒÐ¹ WHERE NOT IN â€” Ð¿Ñ€Ð¾ÑÑ‚Ð°Ñ Ð¸ Ð¿Ð¾Ð½ÑÑ‚Ð½Ð°Ñ Ð°Ð»ÑŒÑ‚ÐµÑ€Ð½Ð°Ñ‚Ð¸Ð²Ð°:

   SELECT user_id  
     FROM group_a
    WHERE user_id NOT IN (
             SELECT user_id
               FROM group_b
         );

   Ð Ð°Ð±Ð¾Ñ‚Ð°ÐµÑ‚, Ð½Ð¾ Ð¼Ð¾Ð¶ÐµÑ‚ Ð´Ð°Ð²Ð°Ñ‚ÑŒ Ð½ÐµÐ¾Ð¶Ð¸Ð´Ð°Ð½Ð½Ñ‹Ðµ Ñ€ÐµÐ·ÑƒÐ»ÑŒÑ‚Ð°Ñ‚Ñ‹ Ð¿Ñ€Ð¸ NULL
2. ÐŸÐ¾Ñ‡ÐµÐ¼Ñƒ EXCEPT Ñ‚Ð¾Ñ€Ð¼Ð¾Ð·Ð¸Ñ‚:
   - Ð’Ñ‹Ð¿Ð¾Ð»Ð½ÑÐµÑ‚ DISTINCT Ð½ÐµÐ·Ð°Ð²Ð¸ÑÐ¸Ð¼Ð¾ Ð¾Ñ‚ Ð½ÐµÐ¾Ð±Ñ…Ð¾Ð´Ð¸Ð¼Ð¾ÑÑ‚Ð¸
   - Ð¢Ñ€ÐµÐ±ÑƒÐµÑ‚ Ð¿Ð¾Ð»Ð½Ð¾Ð¹ Ð·Ð°Ð³Ñ€ÑƒÐ·ÐºÐ¸ Ð¿Ð¾Ð´Ð·Ð°Ð¿Ñ€Ð¾ÑÐ¾Ð² Ð² Ð¿Ð°Ð¼ÑÑ‚ÑŒ
   - ÐœÐ°Ð»Ð¾ÑÑ„Ñ„ÐµÐºÑ‚Ð¸Ð²ÐµÐ½ Ð¿Ñ€Ð¸ Ñ€Ð°Ð±Ð¾Ñ‚Ðµ Ñ Ð±Ð¾Ð»ÑŒÑˆÐ¸Ð¼Ð¸ Ð½Ð°Ð±Ð¾Ñ€Ð°Ð¼Ð¸
3. ÐŸÐ¾Ñ‡ÐµÐ¼Ñƒ ÐµÐ³Ð¾ Ð·Ð°Ð¿Ñ€ÐµÑ‰Ð°ÑŽÑ‚ Ð² Ð¿Ñ€Ð¾Ð´Ðµ:
   - ÐŸÐ¾Ð²ÐµÐ´ÐµÐ½Ð¸Ðµ Ñ NULL Ð¼Ð¾Ð¶ÐµÑ‚ Ð±Ñ‹Ñ‚ÑŒ Ð½ÐµÐ¾Ð¶Ð¸Ð´Ð°Ð½Ð½Ñ‹Ð¼
   - NOT IN Ñ‡Ð¸Ñ‚Ð°ÐµÑ‚ÑÑ Ð¿Ñ€Ð¾Ñ‰Ðµ
   - JOIN Ð´Ð°Ñ‘Ñ‚ Ð±Ð¾Ð»ÑŒÑˆÐµ ÐºÐ¾Ð½Ñ‚Ñ€Ð¾Ð»Ñ Ð½Ð°Ð´ Ð¿Ð»Ð°Ð½Ð¾Ð¼",False
164,43,"1. Ð§ÐµÐ¼ Ð·Ð°Ð¼ÐµÐ½Ð¸Ñ‚ÑŒ EXCEPT:
   Ð˜ÑÐ¿Ð¾Ð»ÑŒÐ·ÑƒÐ¹ WHERE NOT EXISTS â€” ÑÑ„Ñ„ÐµÐºÑ‚Ð¸Ð²Ð½Ð¾ Ð¿Ñ€Ð¸ Ð½Ð°Ð»Ð¸Ñ‡Ð¸Ð¸ Ð¸Ð½Ð´ÐµÐºÑÐ¾Ð²:

   SELECT a.user_id  
     FROM group_a a
    WHERE NOT EXISTS (
             SELECT 1
               FROM group_b b
              WHERE a.user_id = b.user_id
         );

2. ÐŸÐ¾Ñ‡ÐµÐ¼Ñƒ EXCEPT Ñ‚Ð¾Ñ€Ð¼Ð¾Ð·Ð¸Ñ‚:
   - Ð¢Ñ€ÐµÐ±ÑƒÐµÑ‚ Ð¿Ð¾Ð»Ð½Ð¾Ð¹ Ð¼Ð°Ñ‚ÐµÑ€Ð¸Ð°Ð»Ð¸Ð·Ð°Ñ†Ð¸Ð¸ Ð²Ñ…Ð¾Ð´Ð½Ñ‹Ñ… Ð¿Ð¾Ñ‚Ð¾ÐºÐ¾Ð²
   - Ð’Ñ‹Ð¿Ð¾Ð»Ð½ÑÐµÑ‚ ÑÐ¾Ñ€Ñ‚Ð¸Ñ€Ð¾Ð²ÐºÑƒ Ð¸ ÑƒÐ´Ð°Ð»ÐµÐ½Ð¸Ðµ Ð´ÑƒÐ±Ð»Ð¸ÐºÐ°Ñ‚Ð¾Ð²
   - ÐŸÐ»Ð¾Ñ…Ð¾ Ñ€Ð°ÑÐ¿Ð°Ñ€Ð°Ð»Ð»ÐµÐ»Ð¸Ð²Ð°ÐµÑ‚ÑÑ
3. ÐŸÐ¾Ñ‡ÐµÐ¼Ñƒ ÐµÐ³Ð¾ Ð·Ð°Ð¿Ñ€ÐµÑ‰Ð°ÑŽÑ‚ Ð² Ð¿Ñ€Ð¾Ð´Ðµ:
   - ÐŸÐ¾Ð²ÐµÐ´ÐµÐ½Ð¸Ðµ Ð·Ð°Ð²Ð¸ÑÐ¸Ñ‚ Ð¾Ñ‚ ÐºÐ¾Ð½ÐºÑ€ÐµÑ‚Ð½Ð¾Ð¹ Ð²ÐµÑ€ÑÐ¸Ð¸ PostgreSQL
   - EXISTS Ð»ÑƒÑ‡ÑˆÐµ Ð¼Ð°ÑÑˆÑ‚Ð°Ð±Ð¸Ñ€ÑƒÐµÑ‚ÑÑ
   - JOIN-Ð¿Ð¾Ð´Ñ…Ð¾Ð´Ñ‹ Ñ‡Ð°Ñ‰Ðµ Ð¿Ñ€ÐµÐ´Ð¿Ð¾Ñ‡Ñ‚Ð¸Ñ‚ÐµÐ»ÑŒÐ½Ñ‹ Ð´Ð»Ñ real-time",False
